0,0,21,8,15,3,15,11,0,9,5,11,0,0,14,0,0,0,12,0,14,7,0,3,0,0,0,0,0,0,0,0,12,0,21,0,8,21,0,25,4,15,0,0,0,0,22,6,0,0,20,0,5,15,13,15,0,0,17,2,11,0,22,0,21,0,0,18,0,4,0,0,0,2,2,11,1,1,0,0,0,0,0,0,0
0,0,27,8,16,32,0,46,0,0,16,8,18,0,30,1,0,0,15,3,0,18,13,17,25,20,0,9,0,6,0,15,0,5,0,16,0,6,13,3,24,25,7,0,24,0,18,12,40,7,0,6,4,0,20,5,13,0,0,8,24,7,17,6,10,20,30,0,18,0,0,0,0,0,3,13,9,0,0,0,0,0,0,0,0
0,0,68,39,5,28,4,24,9,14,33,0,42,0,47,0,0,0,8,26,16,11,3,19,6,12,9,1,29,9,7,8,0,0,11,5,1,31,11,0,17,3,15,10,3,0,2,29,3,7,0,0,37,14,0,3,14,0,0,16,8,16,1,27,4,2,30,0,16,0,0,47,4,3,0,0,8,20,1,0,0,0,0,2,0
0,0,35,15,28,22,17,4,0,6,25,23,11,24,1,0,0,7,0,18,0,32,0,27,10,0,12,0,0,18,0,10,0,0,8,15,0,0,17,21,4,5,7,0,0,0,0,25,16,12,0,0,0,0,0,0,0,0,12,0,0,0,0,0,5,8,0,0,0,0,0,0,0,0,0,0,11,15,0,0,11,0,0,3,0
0,0,0,22,18,11,8,6,0,8,3,0,13,16,0,0,0,28,19,4,12,27,13,7,7,10,0,0,19,4,0,17,3,4,0,17,0,0,14,16,10,12,9,0,0,0,0,17,32,4,0,23,4,6,15,6,3,0,14,0,0,15,10,11,39,4,5,0,15,0,3,0,0,0,0,25,5,0,0,0,0,0,0,0,0
0,0,31,64,22,55,5,71,2,17,5,21,48,100,9,0,22,40,32,7,10,134,38,88,4,0,23,19,76,0,26,0,3,6,0,30,0,24,3,30,14,27,18,0,0,18,30,13,75,28,0,10,18,7,23,25,0,0,39,6,18,49,32,16,27,102,9,0,48,22,4,0,3,33,17,73,208,6,10,2,4,0,42,3,9
0,0,25,30,0,11,40,0,0,6,32,8,21,29,3,0,0,1,18,11,21,10,28,35,30,0,18,0,12,0,0,14,0,3,14,0,4,0,21,0,21,23,34,0,8,0,47,26,109,38,0,0,20,0,17,1,17,0,0,14,9,22,11,5,4,20,61,0,15,0,1,0,0,4,41,120,96,18,0,0,0,0,0,0,5
0,0,11,39,14,8,25,37,0,13,56,6,36,0,15,3,4,11,32,63,115,28,76,91,29,0,29,0,10,27,27,36,2,0,8,12,58,12,12,57,16,27,0,6,63,8,67,65,150,33,22,2,8,26,7,33,6,24,14,47,38,13,75,0,51,87,6,29,0,3,2,4,6,41,4,32,144,0,3,17,2,7,89,0,3
0,0,62,18,14,8,13,10,0,8,12,18,8,10,8,0,0,1,9,8,6,21,9,18,14,0,22,3,27,3,14,4,0,0,10,15,0,9,4,19,20,0,14,0,0,0,0,19,6,1,0,10,4,10,12,10,4,0,16,7,0,19,7,4,10,16,0,14,4,0,4,0,0,0,0,12,8,16,0,0,0,0,40,0,0
0,0,24,13,29,21,2,29,0,0,23,1,15,0,44,30,10,6,21,8,18,24,2,24,21,11,11,7,23,7,1,7,6,4,20,32,2,8,24,21,34,5,15,1,3,4,15,23,40,47,2,3,34,3,7,31,13,16,11,13,9,40,10,23,25,52,44,14,25,4,8,6,3,8,11,45,62,7,4,4,18,10,27,1,0
0,0,0,0,0,51,0,25,0,0,18,0,13,0,0,0,4,0,4,13,0,0,12,19,1,0,0,0,2,0,0,0,0,0,0,0,0,0,0,4,0,0,0,0,0,0,0,0,0,0,0,0,0,0,17,0,0,0,0,0,0,23,0,0,0,11,0,0,0,0,0,63,108,8,7,23,0,10,0,0,0,0,0,0,0
0,0,0,23,22,17,16,8,0,8,10,14,11,0,18,0,0,1,17,1,6,18,9,16,0,21,0,13,13,4,0,19,2,0,5,13,0,0,25,16,5,0,14,0,0,0,24,33,0,0,0,0,21,0,22,0,5,0,0,26,19,11,8,17,3,5,24,0,15,3,6,2,0,0,32,27,15,10,0,0,0,0,16,0,0
0,0,35,21,77,22,13,42,13,10,4,15,33,0,19,0,0,22,9,10,39,46,3,16,0,18,4,9,21,0,13,4,0,5,9,11,0,29,8,0,43,3,47,0,3,0,33,4,28,0,0,16,4,17,15,9,19,0,15,26,8,17,20,8,21,7,5,14,4,3,4,0,0,3,13,37,15,0,0,0,0,0,0,0,0
0,36,45,18,39,44,112,34,2,21,26,0,41,30,16,0,10,14,7,49,10,67,0,0,50,7,29,0,64,16,18,7,2,11,0,30,0,0,26,10,28,9,30,0,0,2,21,13,44,2,0,0,13,16,17,14,21,0,33,0,31,3,29,0,0,0,2,21,0,2,6,0,0,2,0,7,0,0,4,4,2,5,24,0,7
0,0,0,17,4,0,15,6,4,11,12,0,4,0,10,14,0,0,6,21,0,22,16,0,3,0,23,0,0,2,0,6,3,0,0,14,0,0,18,6,12,0,0,0,0,3,0,5,35,4,0,0,0,0,18,5,0,0,0,6,8,14,3,2,0,15,14,0,9,0,0,0,4,5,13,39,8,25,0,0,0,0,12,0,0
0,0,41,36,23,5,20,21,0,27,29,12,10,13,10,0,28,26,14,15,36,11,37,90,8,16,6,10,29,5,12,7,0,0,13,6,0,24,2,31,4,65,6,13,0,2,19,5,77,26,0,13,0,20,22,40,6,0,13,11,20,8,31,4,25,51,6,14,0,26,7,0,0,0,4,25,121,0,0,0,0,0,17,0,0
0,0,0,52,7,46,5,28,0,27,28,4,36,15,0,0,0,5,0,36,41,16,22,98,49,11,9,0,0,0,4,30,0,0,15,33,0,0,27,4,19,10,0,0,5,27,0,55,54,45,0,0,28,4,31,0,0,0,6,30,0,36,8,13,17,18,80,0,11,0,1,0,3,0,36,8,106,6,0,0,0,0,4,1,4
0,0,38,77,10,18,14,14,64,17,11,2,25,9,26,4,0,0,8,24,8,17,9,26,5,14,8,17,57,32,0,4,0,0,14,13,0,0,27,17,15,6,10,6,4,33,7,42,6,6,0,0,25,1,12,6,9,5,0,14,0,38,21,4,0,0,0,0,11,0,5,0,0,1,0,0,0,0,0,0,0,0,0,0,0
0,0,0,49,13,24,5,27,4,3,10,0,13,7,14,0,0,15,9,17,13,21,51,61,24,7,18,15,0,0,0,17,1,14,14,7,0,0,25,26,15,0,17,0,0,0,29,65,48,39,0,0,32,0,13,22,14,0,0,18,7,14,6,16,2,54,16,0,15,0,2,0,0,0,12,19,54,27,0,0,0,2,0,0,0
0,31,21,19,25,43,0,17,0,23,31,5,37,0,11,4,0,28,7,26,0,5,7,18,24,7,0,15,4,5,14,9,22,4,15,5,10,9,0,22,5,13,0,3,0,3,26,0,11,0,12,9,0,22,0,28,0,2,6,0,24,0,30,0,33,16,0,9,2,5,0,2,0,5,4,22,96,0,0,0,0,5,19,0,16
0,25,30,19,31,14,17,12,0,0,15,0,25,17,7,12,8,2,10,10,56,1,0,0,0,6,17,13,19,0,19,6,2,0,20,5,12,17,0,15,6,8,16,0,9,8,13,17,0,0,0,0,15,3,28,17,0,0,24,2,0,14,19,0,5,0,0,16,9,0,2,56,4,16,2,18,0,0,0,0,2,7,2,3,4
30,0,0,5,21,0,33,22,0,14,20,25,0,30,5,0,0,14,17,7,0,18,5,57,5,11,10,0,14,0,0,14,0,0,0,21,0,6,15,38,2,0,28,0,0,0,27,6,34,30,2,9,17,0,24,9,23,2,0,26,8,21,7,12,0,2,41,14,10,0,6,0,0,0,0,15,4,0,0,2,0,0,9,0,8
0,0,23,29,10,28,16,4,9,24,8,18,20,21,11,0,8,0,41,0,11,40,5,26,34,35,0,20,0,4,28,16,6,12,0,0,0,30,10,24,13,20,11,1,4,1,0,16,50,4,0,5,14,15,7,16,0,2,9,10,25,7,37,10,11,27,5,9,8,0,6,0,1,1,0,21,41,0,0,0,0,1,1,0,5
0,0,0,74,14,25,1,35,24,39,9,0,37,9,22,0,0,0,24,55,5,77,1,52,0,0,16,1,35,0,20,31,2,5,16,17,0,0,21,37,53,7,22,0,0,0,4,38,45,2,18,15,5,0,26,11,18,0,15,31,21,6,12,6,6,22,0,0,7,1,0,0,0,0,18,10,6,1,0,0,0,0,18,0,0
0,0,52,74,38,48,13,17,14,18,19,16,18,0,29,0,20,16,13,0,26,41,1,20,0,1,12,0,29,0,12,9,0,0,0,34,0,33,0,40,7,0,18,0,12,0,17,5,9,0,0,14,0,0,20,6,4,0,0,17,0,17,4,28,0,13,1,21,0,0,2,0,0,4,52,0,11,0,0,0,0,0,2,0,6
0,0,53,0,68,8,10,12,0,9,4,18,14,8,4,0,0,20,25,0,10,6,10,78,8,0,10,0,4,0,11,4,7,5,25,0,5,17,4,2,14,15,12,0,0,0,7,4,0,0,0,0,24,0,17,0,0,0,0,19,0,16,3,20,0,38,13,0,13,0,11,0,0,2,0,8,43,0,0,2,0,9,21,2,2
0,0,25,10,9,1,25,10,0,36,6,15,2,38,17,3,0,0,32,0,15,0,30,4,0,13,0,13,12,0,14,0,0,5,13,4,0,11,0,21,0,22,0,0,0,0,14,9,9,5,0,13,0,15,4,7,0,0,19,0,15,0,12,0,12,22,14,25,0,1,0,0,0,0,0,19,10,0,0,0,0,2,11,0,0
7,0,5,43,44,7,7,69,24,0,24,25,15,15,10,12,1,47,21,4,31,21,23,74,23,17,0,11,6,14,15,13,3,8,11,6,0,21,5,56,0,12,18,0,0,4,21,10,24,39,0,22,0,20,9,37,6,19,0,0,24,0,20,14,0,22,19,23,1,7,6,0,0,10,25,57,16,4,0,0,0,0,11,1,7
0,0,0,0,74,5,0,13,0,0,5,6,15,0,24,0,0,0,0,13,0,13,0,31,0,0,8,0,27,0,0,5,0,0,0,8,4,0,1,0,22,0,6,5,0,0,0,8,29,17,0,0,11,1,19,0,21,0,0,16,0,5,4,10,0,33,7,0,12,0,3,0,0,0,0,0,19,2,0,0,0,0,0,0,0
27,0,0,21,22,37,30,19,12,9,25,5,0,11,12,6,0,18,0,7,12,14,63,21,24,9,12,11,4,1,8,0,0,10,13,1,3,4,14,12,10,5,0,2,34,65,9,9,33,20,0,9,0,5,4,17,1,2,13,27,30,4,22,0,15,18,6,10,6,2,0,0,0,0,24,59,28,27,0,2,0,1,43,41,49
0,0,19,28,19,8,7,26,0,28,3,28,0,30,5,0,0,22,0,0,26,7,6,43,0,15,0,19,11,9,12,0,3,0,24,4,16,0,0,27,7,25,8,0,0,7,22,18,48,0,0,18,0,19,3,23,0,0,21,0,38,0,20,0,15,26,10,16,0,6,2,0,0,0,24,34,32,1,0,0,0,0,0,0,0
0,0,0,49,6,33,32,11,0,12,17,4,23,2,23,0,0,7,27,9,18,25,0,36,40,0,26,14,20,5,22,0,0,0,12,16,0,1,25,15,25,6,20,0,0,0,18,41,85,66,0,4,21,26,17,21,8,0,20,4,0,24,40,4,0,13,32,3,21,6,14,3,2,18,3,24,20,2,0,0,0,3,59,0,8
0,1,0,77,0,68,0,17,5,0,35,0,27,24,24,5,0,0,0,119,6,30,29,9,0,0,34,0,41,0,37,0,0,0,31,0,0,0,55,3,27,21,27,0,0,0,0,28,50,27,0,0,26,0,27,0,18,0,1,20,0,38,0,39,0,0,21,0,25,0,10,0,0,11,0,93,19,62,0,0,0,0,9,0,4
0,12,6,22,13,6,5,9,7,8,5,7,9,1,12,0,2,6,18,13,1,8,7,59,0,2,13,0,13,0,4,18,0,3,0,21,0,0,13,2,12,0,14,0,5,0,8,4,15,51,0,9,0,0,13,13,2,0,17,0,18,0,13,1,2,20,22,0,13,10,0,0,0,10,0,14,75,1,0,0,0,4,2,0,0
0,0,0,15,32,6,0,37,0,0,13,9,19,3,18,0,0,2,16,5,0,22,3,3,15,0,10,11,3,0,0,12,0,0,20,4,0,11,4,30,0,12,0,0,0,0,10,4,16,14,0,6,7,4,19,19,0,0,4,4,16,0,2,9,3,0,0,0,10,0,0,0,0,0,11,10,40,1,0,0,0,2,2,0,0
0,0,0,83,1,23,0,24,0,10,17,1,21,0,24,0,0,12,18,7,7,23,0,2,0,10,16,0,47,6,8,9,0,5,13,7,0,11,13,21,26,22,7,1,7,0,24,7,19,0,0,10,6,19,10,19,15,0,6,19,10,22,9,11,0,6,6,13,14,0,8,0,0,0,0,2,34,0,0,0,0,4,9,3,10
0,0,64,5,19,16,25,4,0,21,4,16,5,20,5,4,0,6,15,1,22,6,0,79,3,15,1,0,37,0,0,16,0,0,7,19,0,12,5,17,11,8,10,0,0,0,0,27,7,16,0,15,0,0,19,0,15,0,0,12,6,13,2,11,2,5,42,0,16,0,4,0,0,5,0,2,0,6,0,0,0,0,13,0,0
5,6,14,15,22,16,10,23,0,0,32,17,6,0,35,0,0,0,0,37,25,37,0,10,5,0,5,0,10,6,46,5,0,5,0,20,5,0,21,39,21,0,22,0,0,6,40,10,39,28,0,0,15,0,17,1,10,0,0,39,14,0,7,13,4,33,14,13,0,0,3,0,0,8,7,12,42,18,0,0,0,0,12,0,2
0,0,0,89,0,29,0,27,0,0,11,0,28,4,19,0,0,0,0,6,5,16,0,0,15,0,10,4,17,0,0,11,0,0,0,43,0,0,12,0,24,22,7,0,0,15,7,43,13,26,0,0,12,0,0,7,27,0,0,8,5,0,14,18,11,6,18,0,5,0,7,0,0,2,12,17,2,2,0,0,2,0,12,0,2
0,0,36,16,29,22,5,25,0,31,10,13,13,1,20,5,0,2,3,32,4,22,1,0,55,0,26,0,58,1,0,12,0,6,1,19,23,0,5,7,21,2,25,2,0,8,6,16,6,27,0,16,1,4,23,8,21,1,11,14,1,22,3,11,9,2,26,5,8,19,18,0,4,0,0,16,5,32,0,9,0,0,12,0,0
4,0,18,13,55,58,13,32,6,6,36,26,30,4,6,22,21,48,31,20,12,33,19,23,10,17,13,7,12,17,11,27,17,0,6,8,19,8,2,27,25,28,1,11,27,4,14,6,22,3,26,0,13,22,14,22,1,25,32,32,28,8,22,0,16,46,7,17,9,1,5,0,0,25,51,20,61,9,0,0,0,50,5,0,0
0,0,10,44,20,4,9,34,0,17,7,24,0,27,6,0,0,0,40,6,0,30,41,0,24,3,11,13,8,7,14,1,0,4,12,4,0,8,18,12,15,3,18,0,3,0,20,7,41,28,0,11,9,17,0,24,0,0,15,1,15,0,22,0,4,15,53,0,11,0,0,0,0,5,2,15,9,15,0,0,0,0,17,0,0
0,5,13,20,11,37,13,9,0,11,7,15,16,0,13,0,0,0,11,5,13,0,8,12,7,0,6,5,52,0,0,6,0,16,4,4,0,0,7,10,10,1,6,0,0,0,0,18,22,14,0,0,8,0,12,0,18,0,6,6,0,5,10,6,10,4,6,0,5,0,0,0,0,0,0,21,9,0,0,0,0,0,15,3,5
0,0,28,32,7,20,0,17,7,0,29,10,7,0,29,0,0,10,18,18,10,29,30,15,0,20,0,0,19,2,21,7,0,0,0,16,8,2,36,27,7,6,15,22,12,4,0,20,61,6,24,6,0,15,5,2,16,0,5,29,60,13,5,13,1,29,10,0,13,4,2,2,38,0,45,29,14,7,0,2,0,0,5,6,11
0,0,0,49,34,15,25,24,0,18,11,24,12,37,7,0,0,30,29,8,15,12,9,68,3,20,0,14,11,0,17,0,3,6,11,6,0,6,5,48,19,8,5,0,2,0,13,14,72,7,0,0,12,29,7,15,2,2,8,6,30,0,21,19,30,38,2,17,0,2,0,1,0,0,34,16,68,0,0,1,8,0,45,0,7
0,0,27,20,19,27,0,18,0,8,11,0,7,12,15,4,0,2,18,6,16,22,0,39,13,0,28,0,32,15,21,20,0,3,0,40,2,17,12,10,34,0,10,0,0,0,0,21,64,0,4,0,16,0,18,0,9,33,32,17,10,7,11,13,11,15,5,1,19,0,2,9,7,3,25,12,61,9,0,0,8,2,0,5,4
0,0,0,4,0,6,31,0,0,23,3,0,0,0,0,0,33,0,0,0,0,74,0,151,16,22,0,0,0,0,0,39,0,0,0,7,0,10,12,12,5,0,0,0,0,0,24,7,11,33,0,7,0,0,0,8,6,0,0,13,0,10,4,5,0,17,40,0,12,0,0,0,0,0,0,5,0,44,0,0,0,0,3,7,0
0,12,0,14,52,7,6,10,4,18,23,0,9,18,9,0,0,5,44,5,36,9,53,57,24,19,0,21,18,9,19,7,0,4,15,3,0,15,4,36,7,21,0,0,0,2,24,41,96,25,6,16,0,11,3,35,0,0,14,9,16,0,21,0,7,44,11,14,0,1,27,18,0,11,0,23,47,4,0,0,0,31,44,2,0
0,0,68,14,73,8,32,21,7,26,17,18,30,30,24,0,0,4,38,8,39,17,0,10,8,8,15,17,144,17,11,25,0,0,50,7,0,7,6,11,36,6,32,0,0,0,54,40,37,18,0,26,2,14,8,19,4,0,11,0,16,18,25,0,5,23,16,9,0,9,1,4,0,0,0,26,27,10,0,3,1,21,9,0,8
0,0,36,12,63,0,21,8,0,16,7,13,4,37,12,0,0,0,25,7,23,9,0,149,11,14,3,21,9,5,0,0,0,0,15,8,0,15,4,19,17,26,29,0,0,0,0,7,114,2,0,17,4,12,13,18,6,0,11,12,20,31,24,11,8,23,14,0,6,0,0,0,0,3,3,16,55,6,0,0,0,2,20,5,9
0,3,0,45,5,28,0,27,2,9,20,0,33,0,31,0,0,14,4,38,37,57,26,49,26,0,31,0,18,1,0,21,0,0,0,23,8,12,17,19,31,0,25,0,0,0,0,45,13,50,0,0,30,0,22,14,0,0,0,23,0,20,23,15,0,10,48,0,7,0,0,0,23,20,30,18,22,4,0,0,0,0,0,0,0
0,0,33,4,27,7,24,4,0,18,4,10,25,0,11,0,0,2,14,0,12,3,31,5,6,12,4,9,18,0,6,0,0,6,14,4,0,8,5,10,10,6,0,0,0,0,19,18,17,29,0,9,0,6,0,4,6,0,0,6,6,4,12,12,14,18,0,0,17,0,0,0,1,0,6,33,10,26,0,0,0,0,14,2,0
0,0,0,61,2,31,10,49,0,5,20,9,19,9,22,7,16,15,8,31,4,34,13,0,23,0,18,9,35,0,0,17,0,8,0,9,0,0,49,6,27,7,13,0,1,29,16,23,6,16,0,26,10,0,22,0,24,0,7,13,12,19,2,16,0,0,4,0,26,4,7,0,0,0,0,15,19,0,0,0,0,0,0,0,0
0,0,0,60,4,17,0,23,1,0,24,0,23,4,2,0,0,6,0,19,0,26,5,19,54,3,14,0,14,12,0,16,5,0,0,16,9,0,19,4,14,0,0,0,5,4,0,33,31,14,0,0,8,0,0,6,7,0,0,1,0,19,0,4,3,29,4,0,0,0,5,2,0,2,4,3,2,48,0,0,1,1,47,0,0
0,0,1,69,34,32,17,16,0,4,42,33,8,9,21,6,0,22,20,0,9,6,6,10,7,3,25,24,0,15,2,31,1,0,5,6,0,18,0,8,18,12,0,0,0,0,0,21,17,8,0,0,21,2,0,14,22,0,0,11,0,14,2,16,0,6,5,8,10,0,6,0,0,0,0,11,12,2,0,0,0,2,8,0,0
0,0,33,21,31,5,16,5,5,7,6,36,0,23,5,0,3,0,25,0,16,6,4,25,0,16,0,18,0,6,20,0,3,6,13,4,8,25,0,45,10,16,0,0,0,5,19,19,80,0,0,21,11,22,13,18,0,24,0,6,28,0,27,0,4,18,11,16,3,4,0,0,0,0,0,10,0,3,0,0,0,0,0,0,0
0,0,0,36,38,0,21,18,0,0,0,13,1,4,26,0,0,4,64,13,11,15,0,28,9,0,12,0,20,4,0,12,0,5,0,15,0,9,0,0,11,0,10,0,0,0,0,0,3,21,0,0,12,0,13,0,9,0,10,4,8,22,2,22,0,65,10,0,16,0,0,0,0,0,6,4,33,0,0,0,0,0,0,0,0
0,35,53,25,26,34,3,34,0,4,20,11,29,0,26,0,4,0,0,27,16,13,0,117,15,6,11,16,44,0,14,0,14,0,0,32,0,6,8,12,28,0,9,0,0,0,4,47,18,60,0,0,17,0,17,0,7,0,0,18,13,11,10,12,35,43,0,0,9,0,0,0,0,0,0,15,81,1,0,0,0,0,0,13,0
0,0,0,29,0,42,26,15,0,9,3,14,19,0,6,8,0,4,24,5,10,7,6,6,26,15,0,11,3,5,0,14,11,9,10,5,0,22,1,21,10,0,12,3,0,0,0,16,5,43,0,18,0,17,6,10,0,20,4,0,14,0,16,0,5,8,0,2,17,5,0,0,0,5,0,2,6,0,0,0,2,0,15,1,4
0,0,31,25,15,5,18,8,0,11,10,20,6,12,6,3,8,9,17,5,10,10,38,27,64,10,0,12,31,0,7,0,0,0,19,0,9,5,1,15,25,9,0,0,0,0,10,41,64,46,0,0,6,22,15,13,0,8,0,8,10,0,31,10,9,31,18,7,0,0,3,0,0,10,0,19,37,4,0,4,0,0,9,0,5
0,0,41,33,26,36,18,28,0,3,32,18,32,7,9,0,0,3,37,44,28,2,8,42,14,6,10,7,29,0,11,11,0,0,6,6,0,0,18,15,23,0,9,0,0,0,13,16,42,26,0,28,19,0,15,19,4,0,11,9,0,18,7,14,0,5,29,0,13,2,0,0,0,4,0,19,54,29,0,0,0,0,0,0,0
9,0,0,34,34,24,26,29,1,0,16,37,50,0,0,11,0,4,49,13,21,22,19,8,19,41,21,0,9,0,39,22,9,8,16,0,0,0,41,33,31,17,0,11,0,1,20,13,9,8,0,15,5,6,30,29,0,0,13,33,27,6,14,8,8,1,0,31,10,2,1,64,0,0,5,19,28,40,0,0,0,5,10,0,0
0,0,50,2,37,9,23,0,15,14,13,22,16,15,13,0,9,0,17,16,23,6,0,59,16,18,14,18,23,4,14,5,3,0,2,8,0,16,1,19,18,0,34,0,0,0,8,61,65,27,0,0,4,17,0,4,15,0,7,8,7,6,0,18,0,7,18,14,0,0,0,0,0,0,0,4,8,3,0,2,0,0,0,4,8
0,0,22,10,0,19,0,24,0,6,10,20,22,7,18,0,0,2,14,0,19,1,40,41,1,0,7,0,12,5,0,18,0,5,0,12,0,0,20,0,31,0,12,11,18,1,0,7,100,21,0,0,9,7,22,6,11,6,8,5,14,8,14,15,0,4,3,1,11,0,0,2,2,3,3,17,16,5,0,0,0,0,1,0,0
0,0,0,45,29,9,4,19,0,0,34,0,14,21,17,0,0,0,0,6,0,17,12,0,42,0,12,0,6,0,0,6,1,0,12,8,0,0,9,7,10,0,0,0,0,0,4,8,20,26,0,0,6,0,18,5,10,0,0,18,5,9,5,8,14,9,28,0,9,0,0,0,0,0,0,5,15,18,0,0,0,0,0,3,0
0,0,25,17,23,27,0,20,0,14,18,1,5,28,0,3,0,0,13,19,14,13,9,15,25,0,14,0,19,0,0,17,0,0,0,20,0,0,5,11,11,0,14,0,0,0,0,4,44,36,0,0,18,0,15,0,15,0,22,14,0,15,9,6,1,5,20,0,13,0,4,0,0,0,0,26,8,0,0,0,0,0,0,0,0
0,0,0,38,0,21,13,19,0,0,10,0,13,0,38,0,0,4,0,14,24,9,0,11,11,7,15,0,0,0,0,17,0,0,6,0,0,0,13,2,23,0,25,0,0,0,20,10,0,4,0,0,21,0,15,0,0,0,0,9,18,0,2,41,0,0,0,0,10,0,8,0,0,0,0,31,6,2,0,0,0,0,4,0,0
0,6,53,0,29,6,16,5,0,19,5,14,4,18,6,0,0,6,14,3,31,7,22,45,2,11,7,16,18,4,14,0,0,6,14,2,0,16,0,28,4,0,3,0,6,13,22,30,16,0,0,13,0,16,4,20,0,0,12,13,24,8,25,3,7,42,0,11,6,3,0,8,0,7,6,3,26,0,0,0,0,0,2,10,0
0,0,35,38,44,39,16,25,3,16,16,11,22,31,9,6,3,12,17,24,8,49,8,10,9,13,23,21,5,14,17,4,6,5,25,13,5,7,17,32,9,12,4,9,5,22,12,24,8,31,0,16,0,0,22,2,16,7,8,30,18,13,22,15,3,1,3,16,6,0,7,6,8,21,18,70,8,0,0,0,6,6,10,6,15
0,0,44,12,20,0,32,17,5,9,9,0,16,10,33,0,0,2,0,26,0,10,19,52,0,0,21,0,24,0,0,25,0,0,9,20,0,5,24,14,10,0,17,4,17,12,0,0,3,19,0,0,38,0,28,0,32,0,2,27,19,0,17,23,0,21,0,0,7,0,12,0,0,0,0,4,0,0,1,0,0,0,11,11,0
0,0,21,16,72,16,26,10,0,20,8,20,8,7,6,4,0,4,0,40,39,43,49,17,5,19,0,12,14,5,14,5,0,8,19,9,0,17,10,22,34,6,23,0,0,0,0,17,56,13,0,0,19,18,11,17,17,0,3,14,17,2,4,35,6,10,23,14,7,5,0,0,0,0,0,18,30,26,0,0,4,0,8,0,2
0,0,16,49,7,31,2,16,0,0,25,0,11,6,9,0,0,5,6,26,11,33,0,14,13,0,5,0,0,0,0,24,0,0,0,13,0,0,10,2,16,0,17,0,0,0,0,34,0,6,0,0,10,0,15,4,15,0,0,18,0,14,11,14,0,0,0,0,19,0,2,0,0,0,0,3,12,2,0,0,0,0,7,1,5
0,0,20,35,2,6,0,29,0,4,10,0,8,6,44,0,0,0,44,9,3,26,12,19,42,0,18,1,11,0,0,6,0,0,0,13,0,0,10,11,12,0,14,2,9,0,2,51,39,12,0,0,9,0,8,0,12,0,0,13,0,18,0,22,63,46,14,0,23,0,6,0,0,0,0,14,12,8,1,0,0,0,20,0,1
0,0,26,24,15,0,0,0,0,10,5,41,45,20,13,0,0,0,35,12,12,32,15,46,16,13,0,15,0,0,0,0,0,6,10,6,3,12,7,23,5,13,0,0,0,3,9,11,4,3,3,12,0,18,0,19,2,7,24,0,13,3,0,10,6,8,0,13,0,0,14,5,0,10,7,12,17,18,2,0,0,0,0,0,0
26,0,0,27,6,51,1,30,0,0,24,10,55,0,20,0,0,7,13,25,3,15,12,3,5,0,18,0,32,7,0,17,0,0,0,15,0,0,15,10,21,0,24,0,0,0,19,26,27,20,0,0,15,0,20,0,0,0,0,0,5,30,29,16,10,7,22,0,29,13,0,2,4,9,36,71,79,28,0,0,0,0,45,7,0
0,0,49,13,11,19,11,0,7,6,14,14,11,16,17,0,0,0,19,9,40,21,14,0,10,12,5,8,29,0,10,3,0,6,13,4,0,9,15,15,14,7,4,27,6,0,7,10,15,0,0,6,13,12,9,8,14,0,11,26,46,18,34,0,0,0,29,14,2,1,0,0,0,0,0,18,30,0,0,0,0,0,0,0,0
0,1,59,5,33,8,6,16,8,0,25,35,13,24,4,4,0,34,0,37,33,7,54,35,6,30,0,13,0,7,33,9,9,5,25,0,5,27,15,18,24,21,2,0,0,4,45,39,53,0,0,22,0,23,10,10,36,0,8,7,22,0,28,8,1,0,15,15,8,0,0,2,1,4,29,9,27,0,0,0,2,0,2,2,0
0,0,28,7,15,48,0,24,4,0,50,5,21,0,18,5,0,9,0,23,0,46,4,9,23,0,23,0,28,5,5,15,0,4,4,23,0,0,53,51,29,8,30,5,0,0,5,26,20,22,0,0,39,0,28,5,28,2,0,27,0,30,19,26,0,15,33,15,0,0,20,0,0,4,4,7,0,0,0,0,0,39,17,19,6
0,0,37,8,18,8,30,3,4,7,7,21,13,14,12,0,0,2,17,7,16,5,4,29,11,16,3,15,35,18,0,4,26,0,10,4,0,28,9,20,19,8,1,0,0,1,15,18,42,8,0,14,0,9,4,17,0,0,11,2,13,1,11,0,6,16,12,13,0,2,0,0,0,0,2,4,40,12,0,0,1,0,9,0,0
0,0,10,40,8,25,19,14,0,15,7,6,14,15,10,0,0,0,0,21,34,42,5,104,0,0,13,0,56,0,6,1,0,0,0,21,0,0,25,3,12,19,0,0,6,20,15,24,12,16,0,2,18,0,18,0,17,0,0,17,0,15,13,0,13,13,0,13,0,0,6,0,0,1,2,17,31,7,0,0,0,0,0,0,0
0,0,0,0,0,51,0,28,0,21,27,4,20,15,13,9,0,20,12,8,14,3,23,6,4,20,12,1,24,0,21,0,8,1,11,15,0,12,6,49,16,27,7,0,0,0,37,57,1,13,0,0,12,22,12,21,6,0,10,17,19,14,4,7,4,10,0,14,0,4,1,0,0,1,0,14,14,0,0,0,3,2,17,0,0
0,0,0,31,4,23,3,31,0,6,23,10,7,0,27,0,0,6,10,14,15,27,4,32,16,4,20,0,13,4,0,11,0,0,0,11,0,0,30,16,16,18,0,0,0,0,12,16,40,22,0,0,11,0,27,0,9,0,0,0,0,14,0,31,3,4,17,0,16,0,0,0,0,0,10,16,9,14,0,0,0,0,13,0,0
0,0,4,13,26,8,63,4,0,11,16,10,7,20,13,32,0,6,0,13,24,8,0,3,28,8,5,14,40,5,0,30,0,0,7,34,4,0,34,30,34,12,0,0,11,1,0,26,25,37,0,17,14,20,15,23,11,2,21,12,17,16,23,0,0,23,1,23,0,2,19,4,0,0,0,21,32,0,0,1,0,0,7,0,0
0,0,0,45,24,52,0,30,21,24,15,17,28,0,17,8,11,4,22,68,5,52,80,59,17,27,7,0,0,6,18,0,24,0,16,4,0,28,0,46,5,35,1,82,98,0,45,6,47,0,0,0,1,0,6,15,9,1,30,44,53,5,19,29,18,50,0,0,0,2,0,0,0,7,19,105,90,0,0,2,0,0,3,0,0
0,0,74,23,2,12,0,25,0,0,30,23,30,2,10,5,1,0,18,31,0,26,15,40,58,0,0,0,15,0,0,13,14,0,0,5,0,0,23,1,16,17,15,0,0,7,4,21,4,3,0,0,23,22,17,2,26,0,0,21,2,21,15,14,5,1,0,0,23,0,1,0,0,0,32,0,30,10,0,0,0,0,0,0,0
0,16,5,40,52,25,15,4,10,0,6,0,20,18,11,4,13,3,6,32,0,0,4,67,12,0,2,0,0,2,2,8,0,5,15,16,0,0,29,15,18,10,0,2,46,17,33,8,67,2,0,13,0,0,19,18,0,0,0,0,5,15,0,5,0,0,1,18,286,2,1,3,6,10,24,13,72,0,0,0,0,2,4,0,19
0,0,0,52,15,29,26,20,0,0,24,3,19,8,9,0,0,4,0,0,0,21,0,14,40,0,16,0,25,0,0,0,0,0,0,43,0,0,10,3,18,0,6,0,0,0,0,3,42,13,0,0,0,0,0,0,0,0,0,8,0,3,1,0,0,21,6,0,0,2,5,0,0,2,0,25,10,99,0,0,0,0,1,0,0
0,0,32,25,10,9,0,17,0,1,13,3,31,7,29,0,0,0,0,5,4,33,0,3,37,0,13,0,14,0,0,0,0,0,0,6,0,0,6,0,18,4,5,0,0,0,0,5,30,2,0,0,0,0,5,0,15,16,4,11,0,6,0,5,0,54,28,1,5,0,16,0,0,0,0,7,12,13,0,0,0,0,0,0,0
0,0,0,71,15,77,35,10,3,43,14,46,15,40,25,0,14,28,5,35,13,16,1,43,47,18,27,11,35,23,0,4,10,24,13,10,0,40,6,40,25,38,10,0,0,0,46,41,67,64,42,3,0,21,18,31,11,21,8,29,31,23,44,3,18,66,42,28,11,16,11,0,0,10,8,42,31,29,0,0,4,5,27,3,0
12,34,45,51,43,23,0,25,7,24,32,42,20,14,16,0,0,15,59,14,29,16,12,41,64,0,31,5,0,32,0,38,0,9,2,26,0,3,44,44,8,15,8,0,0,0,6,42,28,84,0,0,19,0,38,21,3,0,0,44,15,29,27,8,0,16,68,0,38,0,0,9,0,13,0,15,21,26,0,0,10,10,30,68,13
0,0,7,42,30,14,64,21,14,13,23,15,21,10,28,0,5,24,13,44,29,6,0,133,22,28,4,20,0,0,16,15,6,6,19,5,0,12,15,7,14,8,5,18,0,0,0,13,9,50,0,4,23,8,20,18,10,5,18,4,0,24,34,0,0,21,69,26,0,4,4,0,0,0,0,0,21,91,0,0,0,0,16,0,3
9,0,7,18,33,10,13,11,0,10,4,0,15,9,0,11,0,0,17,19,29,3,9,30,0,18,0,16,12,0,13,0,0,0,6,4,0,17,0,26,19,12,0,0,1,4,31,22,7,0,0,9,0,16,3,0,8,0,14,0,0,15,30,0,0,22,0,0,13,3,0,0,0,0,0,14,23,0,0,0,18,0,41,4,0
0,0,0,0,0,0,0,6,0,0,17,0,20,12,10,0,0,0,6,6,0,13,0,0,22,0,5,0,39,0,2,9,0,0,0,0,2,0,6,0,20,4,6,0,57,7,19,11,95,30,0,0,11,0,21,4,6,0,0,9,0,19,0,13,0,25,2,0,8,0,17,0,0,0,0,10,27,1,0,0,0,0,0,0,0
0,0,37,13,23,22,26,0,0,7,12,5,27,10,3,5,0,0,23,3,17,13,0,75,0,5,14,11,18,0,13,0,0,8,9,9,0,0,14,10,21,5,14,0,179,0,0,25,7,63,0,0,12,4,16,1,19,1,13,2,0,55,4,14,17,2,3,14,0,1,0,1,0,0,1,19,16,22,0,0,0,0,3,0,1
0,0,0,29,26,48,59,18,0,18,9,0,40,14,13,0,0,3,32,19,15,25,12,63,116,33,0,13,27,7,3,68,0,2,32,7,0,12,16,29,17,9,21,0,4,0,9,23,19,70,0,19,10,18,8,15,28,0,23,9,14,32,35,10,8,1,60,27,8,7,2,15,4,3,8,5,79,30,0,0,8,0,13,5,13
0,0,0,28,5,59,48,37,0,30,27,0,36,0,47,0,0,3,0,55,30,34,0,5,39,2,25,0,63,0,0,34,0,11,1,28,9,0,31,14,42,0,30,0,39,0,0,85,30,26,0,2,40,0,37,5,28,0,0,35,2,29,7,19,37,1,11,5,43,3,5,1,0,28,7,49,27,5,0,0,1,2,3,1,3
0,0,0,72,19,27,0,16,0,0,15,6,8,9,6,0,0,0,18,0,0,12,0,0,15,3,10,0,7,15,5,13,0,0,0,10,9,3,18,12,10,0,0,0,0,0,10,15,0,12,0,15,7,0,10,0,7,0,0,17,0,19,2,0,6,12,0,9,7,0,0,0,3,0,0,8,0,0,0,0,0,0,2,0,0
0,0,0,37,28,16,14,15,2,13,37,20,2,30,18,1,1,7,33,2,0,16,18,22,0,0,8,0,37,0,0,10,13,3,8,0,0,40,12,0,16,0,14,0,0,0,0,37,0,29,0,24,4,14,14,0,23,0,15,12,4,39,3,24,2,5,1,4,27,7,4,13,5,0,0,7,2,32,0,0,0,0,1,65,23
0,0,79,36,8,143,9,22,66,59,27,71,59,49,19,5,0,41,6,56,12,14,168,262,73,0,44,51,22,0,25,0,0,6,47,6,3,55,8,12,83,43,0,5,0,0,31,66,149,68,0,0,31,51,0,58,4,8,41,6,9,52,48,28,105,147,99,28,10,0,3,2,3,3,35,98,113,15,2,1,0,17,23,4,17
0,0,0,57,41,10,44,19,0,0,27,8,23,11,11,0,0,0,27,6,0,28,10,19,0,17,5,0,17,0,13,20,0,0,9,7,3,9,13,18,11,0,20,0,0,0,0,42,23,2,0,0,19,16,9,15,7,2,1,15,9,5,10,12,11,11,4,0,10,0,5,0,3,0,0,8,20,10,0,0,2,0,7,0,2
0,0,0,3,34,14,17,33,0,0,23,4,38,19,10,0,0,2,5,29,60,16,0,0,1,5,12,10,28,0,0,16,0,0,5,13,8,2,19,15,15,6,0,0,0,0,13,5,23,32,0,0,12,5,3,5,0,0,6,0,0,8,28,0,0,20,0,8,5,0,0,0,0,0,7,10,0,0,0,0,0,0,0,0,0
0,0,67,21,7,23,7,32,0,4,25,10,10,4,16,0,0,17,11,14,4,41,12,9,12,22,0,23,9,0,13,19,4,0,0,29,6,19,15,5,17,3,18,0,4,8,13,14,26,4,0,8,10,15,18,0,0,0,10,15,7,17,22,19,0,0,4,15,4,4,6,0,0,0,0,21,12,0,0,0,0,0,2,0,0
0,6,37,6,17,3,13,0,0,14,0,0,16,11,4,0,0,0,10,0,12,1,0,44,1,0,6,0,9,0,12,0,0,0,14,0,0,0,10,6,6,6,0,0,0,0,5,0,0,32,0,0,6,0,6,0,0,0,10,0,6,0,11,13,0,2,20,0,5,0,0,27,0,0,0,3,24,0,0,0,0,0,2,0,0
0,0,0,42,0,23,1,14,0,0,14,6,39,0,12,0,0,0,0,18,2,12,0,0,1,0,9,0,13,0,0,0,0,0,0,8,0,0,26,2,0,0,13,0,0,0,0,17,0,0,0,3,8,0,0,4,0,0,0,5,0,19,0,0,2,0,1,0,0,0,3,0,0,0,0,0,0,0,0,0,0,0,0,3,0
0,0,0,0,0,0,125,46,25,26,43,63,48,39,30,0,4,54,52,53,15,25,61,134,31,36,29,20,4,14,15,18,0,21,21,5,0,27,0,87,25,50,11,34,12,21,64,65,59,31,3,18,0,30,9,39,19,8,24,9,43,14,44,7,11,37,7,15,0,29,6,8,12,20,5,9,55,20,0,0,5,21,33,20,9
0,0,0,39,21,26,0,29,0,0,38,0,29,6,17,4,0,0,3,22,0,30,0,28,45,0,16,0,26,2,8,9,0,2,5,29,1,6,5,0,31,0,3,0,0,0,1,31,2,18,0,0,14,0,0,25,33,0,0,18,0,12,6,1,16,2,0,0,6,24,14,1,0,3,1,6,0,11,0,0,0,0,0,0,0
0,0,61,10,23,30,0,19,0,3,19,10,4,52,19,0,0,3,0,17,42,47,0,46,14,11,17,23,20,0,7,3,0,0,25,6,0,9,12,16,35,0,41,0,0,0,22,0,38,43,0,12,0,19,0,20,3,0,20,8,22,5,8,19,0,16,33,7,12,7,7,0,0,0,0,3,5,50,0,0,0,1,0,0,0
0,0,0,70,28,66,35,16,2,23,69,22,9,20,10,6,0,0,19,15,18,56,0,3,78,24,2,6,30,12,15,5,0,9,0,21,0,9,11,12,20,14,62,0,0,4,10,18,16,41,0,15,0,11,30,17,4,15,0,6,7,26,0,23,3,26,25,11,5,0,5,0,0,0,27,6,20,20,3,0,0,1,7,0,4
0,0,0,30,21,20,10,46,29,10,0,28,13,1,30,0,10,20,6,6,30,41,15,88,52,0,0,22,15,5,12,9,11,0,34,5,8,29,0,23,5,17,0,0,0,0,20,19,79,15,0,19,3,0,22,13,10,0,13,13,3,27,11,6,8,20,19,21,7,7,26,2,0,0,0,20,64,29,45,5,3,3,11,25,11
0,0,0,50,6,6,12,0,0,5,4,0,21,17,4,0,0,0,9,10,0,17,31,30,3,5,9,0,29,0,5,12,0,0,12,3,0,15,1,3,11,10,14,0,0,0,0,20,42,51,0,0,13,12,4,8,0,0,0,9,0,10,0,7,0,8,7,0,15,0,2,0,0,0,0,0,52,0,0,0,0,0,0,0,0
38,5,0,55,44,16,47,8,33,17,41,43,49,21,18,6,37,7,103,79,56,37,51,134,62,35,10,0,0,8,31,17,7,4,39,11,0,31,6,20,25,41,6,16,2,8,63,22,63,54,0,9,0,35,4,27,0,6,23,1,20,0,17,0,0,48,33,14,0,20,9,0,1,0,0,0,49,0,0,0,0,0,0,0,0
0,0,3,62,1,6,19,13,0,0,11,0,16,0,7,0,4,0,11,9,0,8,49,0,8,0,6,0,59,11,0,0,19,16,4,12,0,0,4,12,12,7,6,0,0,0,10,0,57,0,0,8,3,7,9,9,7,0,0,22,8,3,19,0,0,26,4,13,1,1,0,0,0,0,0,8,50,0,0,0,0,0,0,0,0
4,0,38,12,21,21,0,3,11,13,0,18,0,41,8,0,1,19,18,10,27,50,0,31,2,20,14,24,13,25,0,0,0,0,25,21,11,0,1,6,9,42,13,0,6,0,16,0,15,21,0,20,5,3,28,0,33,0,9,5,4,41,24,0,24,0,5,3,22,0,8,2,2,5,5,10,12,0,12,0,1,2,2,0,0
0,5,14,10,15,26,17,13,4,21,26,18,10,21,7,0,17,16,4,16,20,18,13,12,23,0,0,10,0,5,16,7,7,0,11,4,0,34,4,19,13,33,0,0,0,4,15,18,25,0,0,31,3,15,4,5,0,3,0,23,34,9,22,4,16,0,4,24,24,0,2,0,0,0,0,6,38,0,0,0,0,0,2,0,14
0,0,0,42,0,21,7,15,0,0,101,16,21,12,24,0,0,0,0,11,0,11,0,0,2,0,21,0,20,1,7,10,0,0,0,17,9,0,7,0,14,0,14,0,0,0,0,13,0,0,0,0,0,0,16,0,10,0,0,37,0,13,0,9,0,0,0,0,8,0,0,0,0,0,0,0,15,7,0,0,0,0,0,0,0
0,0,7,48,26,54,0,6,35,1,21,0,23,1,15,0,0,17,15,32,23,0,5,8,0,0,24,0,14,16,0,25,20,10,4,20,0,9,11,14,21,20,0,0,0,0,6,54,33,0,0,13,0,30,0,23,6,5,17,47,17,38,42,0,5,9,16,19,0,4,1,0,0,13,17,8,0,0,0,0,1,9,38,27,6
0,0,0,48,8,13,14,6,0,0,10,0,21,0,0,0,0,3,0,6,0,48,16,0,0,2,28,0,15,0,0,20,0,0,0,9,0,0,26,7,28,0,11,0,0,0,44,13,5,14,0,0,5,5,18,0,6,0,21,9,13,4,31,3,0,12,0,0,6,0,0,0,0,0,35,24,22,0,0,0,0,1,1,0,1
0,0,28,27,35,15,19,4,2,15,10,15,15,21,6,0,15,34,34,5,19,4,11,74,0,0,11,3,24,6,0,15,15,0,7,5,0,17,9,23,9,12,6,0,0,0,14,0,7,16,0,11,4,25,15,14,0,0,18,7,19,15,18,4,12,22,6,0,21,6,8,0,0,0,10,15,42,25,0,6,0,8,8,0,1
0,0,0,51,11,30,8,20,0,3,19,0,30,12,8,0,0,0,17,9,10,13,37,61,31,13,4,12,0,0,15,3,0,0,6,0,5,6,7,5,13,14,0,0,0,0,0,19,38,34,0,13,0,14,4,3,14,0,3,13,13,8,8,12,12,7,16,0,11,4,3,1,0,5,3,7,20,2,0,0,0,0,3,0,0
0,26,52,6,12,33,26,13,0,0,24,16,15,8,18,8,0,0,0,23,0,25,0,0,0,0,26,10,8,3,10,0,0,0,10,4,4,6,9,16,13,4,14,0,0,0,11,0,4,12,0,0,13,0,12,16,4,0,0,26,20,0,0,11,0,0,3,0,19,0,0,0,1,16,7,9,0,0,0,0,0,0,2,0,0
0,0,5,35,32,0,11,48,2,12,0,0,18,27,17,18,2,14,0,22,0,18,5,41,18,0,23,0,0,0,10,5,0,0,0,0,0,0,42,25,18,0,7,0,0,0,0,36,16,33,0,0,13,0,9,4,0,0,0,19,0,13,2,14,22,0,0,0,14,0,5,0,7,2,0,2,19,13,0,0,1,4,9,2,2
0,0,0,39,0,49,46,12,0,7,32,15,24,10,40,9,3,2,1,36,18,64,0,6,36,3,36,33,25,32,0,28,4,0,35,14,5,3,28,19,36,25,19,0,2,0,56,24,13,36,2,5,18,14,21,29,9,16,4,13,0,36,12,27,45,7,27,18,3,9,8,5,0,16,5,16,29,33,6,3,5,5,5,8,0
0,0,0,75,17,29,30,4,0,0,28,1,33,2,0,0,5,0,5,35,24,27,3,64,6,6,0,6,10,4,25,0,14,0,12,0,2,10,0,31,12,36,3,0,0,0,0,10,66,11,0,12,1,6,11,0,13,0,0,6,1,7,6,16,0,19,55,0,11,0,7,0,0,0,0,60,23,0,0,1,0,1,0,0,0
5,0,27,32,16,13,7,26,0,15,4,4,26,0,18,0,0,12,11,20,31,17,1,108,0,1,22,13,4,0,19,4,0,0,11,7,2,12,9,4,18,0,18,0,1,29,0,16,93,24,0,0,39,4,26,0,20,0,18,23,9,20,5,30,14,5,70,16,5,0,5,0,0,5,43,43,32,32,0,0,0,0,11,0,0
0,0,0,70,63,10,19,24,0,13,0,26,8,12,3,11,0,0,33,0,14,16,24,42,72,17,3,11,11,1,17,16,0,5,13,0,4,14,5,36,30,22,0,6,0,12,21,36,130,14,0,15,20,15,0,29,0,0,18,4,21,1,23,26,0,17,38,17,1,1,0,0,0,27,0,17,23,28,0,0,0,2,12,0,8
0,0,18,5,15,29,13,1,3,13,0,13,9,0,32,2,0,21,0,14,18,7,8,5,9,0,33,0,10,19,0,0,0,0,24,0,21,0,0,26,16,0,29,0,0,6,24,0,9,18,0,0,7,12,4,21,3,9,13,2,35,0,30,0,8,4,6,22,0,2,2,0,0,11,9,20,10,0,0,0,0,6,0,0,0
0,0,74,14,2,39,15,9,9,14,52,13,17,1,21,101,10,4,27,32,34,142,137,262,47,36,6,2,15,0,17,13,6,1,38,8,8,4,4,101,41,12,26,11,21,41,19,37,77,16,0,34,3,3,12,44,13,1,34,29,30,37,53,9,37,88,24,43,5,4,5,0,13,11,0,177,315,74,5,2,7,13,20,14,16
1,6,31,26,21,22,18,5,0,31,10,19,5,37,4,0,56,2,42,0,25,4,66,48,13,17,0,12,7,0,25,0,16,9,21,4,30,22,0,22,0,27,0,0,0,0,30,66,46,0,0,16,0,16,6,25,0,4,38,30,44,0,56,22,31,65,16,11,4,9,0,0,3,6,23,41,94,6,7,0,0,2,17,0,33
33,0,0,61,0,31,8,25,21,7,22,13,29,0,21,0,11,13,0,25,5,25,4,19,34,0,16,0,14,0,5,10,8,6,27,5,3,0,14,28,21,0,38,2,0,2,0,12,10,9,0,0,16,2,28,0,24,0,0,23,0,24,10,4,4,0,15,4,18,0,0,0,0,0,9,19,7,2,0,0,3,16,36,0,0
9,11,19,15,21,27,0,40,15,0,28,2,19,33,0,0,4,11,22,0,18,32,14,3,1,42,0,5,31,7,0,14,0,4,10,16,0,0,0,0,31,4,26,0,0,0,7,64,30,32,0,0,12,0,35,5,0,0,4,19,7,26,2,10,0,14,9,6,13,0,0,0,0,8,6,16,42,72,0,0,1,15,17,1,8
0,0,58,11,15,20,10,21,0,8,10,18,11,24,4,0,6,0,25,9,20,27,40,56,22,19,5,19,23,4,5,10,0,0,11,3,5,0,20,14,0,21,7,0,0,0,25,40,105,38,0,0,18,0,16,26,0,0,14,11,13,4,26,13,0,77,23,31,4,2,0,0,0,2,10,35,152,1,0,0,0,9,15,5,0
6,3,30,44,26,17,52,8,0,11,0,21,9,10,13,0,0,10,11,15,35,33,10,3,0,7,0,0,19,4,14,0,0,6,11,17,0,19,0,4,32,0,19,0,0,14,23,10,19,0,0,18,3,9,5,0,15,0,8,16,0,25,6,19,0,0,0,19,0,7,32,0,0,0,0,9,7,0,0,0,0,0,3,28,1
0,0,0,27,32,5,0,8,7,0,31,12,23,0,12,0,0,2,9,5,0,30,30,29,12,0,13,0,13,4,0,18,0,8,0,12,0,0,21,42,16,4,7,17,0,7,38,11,2,34,0,0,33,14,9,0,12,0,0,22,21,13,16,9,33,14,28,0,8,0,0,0,0,0,34,6,24,31,1,5,0,2,1,6,4
0,0,50,17,13,8,0,28,0,15,11,0,39,2,0,0,24,0,30,0,10,17,31,7,0,23,0,0,14,0,0,25,0,0,0,31,0,0,26,21,13,5,15,0,0,0,3,26,0,0,0,9,11,16,7,0,14,0,18,0,14,0,2,15,11,9,5,1,19,0,0,0,0,0,0,2,51,0,0,0,0,0,2,2,0
0,0,2,30,16,14,0,10,0,0,7,31,14,0,43,1,0,0,0,18,0,18,0,31,77,0,6,0,0,0,0,24,0,2,8,6,0,0,9,6,21,0,0,0,0,0,0,22,23,11,0,0,8,0,8,3,0,0,0,4,0,6,0,4,0,24,11,0,16,0,0,0,0,0,0,0,39,38,0,0,0,0,0,0,0
0,34,32,10,10,25,34,6,4,17,19,3,32,13,7,0,0,0,15,6,18,0,0,20,4,10,18,13,13,5,13,0,0,2,7,13,0,13,0,5,10,0,11,0,0,0,18,0,17,38,0,7,17,0,17,7,13,0,0,20,0,14,13,0,0,6,0,0,14,0,2,0,0,0,0,19,18,0,0,0,0,0,0,4,0
37,1,0,17,0,26,3,15,0,0,9,0,13,0,15,0,0,0,19,17,0,24,0,13,28,10,24,9,33,0,0,16,0,0,14,0,0,0,22,2,9,0,15,0,0,0,0,27,21,4,0,0,16,0,17,0,11,0,0,25,1,14,0,5,7,5,0,0,12,2,1,0,0,0,1,9,5,4,0,0,0,0,6,0,0
0,0,0,46,0,42,1,6,12,8,7,17,30,13,5,6,0,19,0,3,12,5,32,2,1,0,13,6,10,4,14,0,0,0,6,13,5,0,16,12,9,8,20,0,0,5,7,23,26,21,0,15,3,6,4,5,1,0,0,0,2,14,14,1,0,25,2,13,0,2,2,0,0,0,0,7,33,45,0,0,0,0,16,0,0
0,30,57,59,55,32,0,61,12,44,15,13,13,41,15,3,0,22,34,21,41,13,15,12,48,23,19,0,31,0,3,16,2,20,0,17,19,0,15,23,19,29,12,5,0,2,25,47,34,27,4,12,9,2,23,28,9,0,21,0,5,17,38,3,13,15,25,22,5,4,17,36,3,8,2,9,32,29,0,5,8,5,20,0,4
0,0,0,2,21,0,41,7,0,0,40,12,6,13,9,0,0,0,17,17,3,28,0,57,0,13,0,12,9,0,8,10,0,0,14,14,4,16,1,48,6,13,0,0,0,0,0,0,20,3,0,24,20,18,0,16,0,0,31,0,0,21,0,14,0,0,4,0,12,0,2,0,0,0,0,9,14,0,0,0,0,2,4,15,0
13,26,29,82,29,8,39,26,0,36,6,34,5,14,4,0,43,25,0,43,0,16,80,172,48,0,3,28,17,0,4,20,0,0,12,7,0,70,32,42,11,40,0,0,8,0,0,54,89,17,0,4,34,12,9,20,15,0,17,23,25,15,31,33,5,61,0,33,0,13,16,0,10,20,8,54,87,0,5,2,4,31,26,22,16
0,0,82,14,28,52,30,21,30,4,12,26,18,24,16,2,0,26,12,0,35,23,2,37,3,21,4,14,0,5,21,7,18,0,54,7,2,18,14,41,8,36,0,7,2,0,33,36,20,1,0,10,0,7,0,11,1,0,14,1,7,0,23,33,14,2,0,0,16,0,8,0,0,21,17,20,36,6,0,0,0,0,0,8,5
0,25,13,18,0,25,25,10,0,18,5,15,13,7,8,0,0,2,22,8,23,0,24,32,16,17,0,15,0,0,11,14,0,30,13,5,0,13,11,8,31,17,5,0,0,0,0,24,16,31,0,5,8,0,21,19,5,0,12,12,0,13,19,0,0,9,44,12,4,1,2,0,0,2,8,27,12,18,0,4,0,0,9,4,8
0,0,0,12,36,10,34,4,0,12,6,0,35,18,11,4,0,0,16,8,6,0,10,38,56,13,4,0,22,0,5,15,0,3,21,16,0,13,0,4,19,15,4,0,0,0,14,0,8,74,1,0,12,0,15,0,0,0,27,14,32,28,40,10,0,0,50,3,24,4,0,0,0,0,9,41,42,43,0,0,0,0,2,0,3
0,0,61,33,53,0,49,10,4,37,15,45,13,29,9,2,5,23,34,2,22,14,38,17,32,22,1,11,29,9,15,21,0,0,31,24,0,19,0,24,0,27,4,0,0,0,17,7,15,14,12,2,0,18,12,23,2,0,19,1,29,21,10,24,13,30,9,23,0,3,0,12,0,2,7,28,42,16,0,0,1,6,7,19,0
0,0,0,71,0,29,32,18,0,15,0,4,17,24,33,0,0,0,10,26,4,14,92,13,15,0,13,25,9,7,3,48,0,0,16,11,4,0,1,12,21,0,12,0,0,2,36,16,30,53,0,0,16,9,4,35,11,0,0,43,5,16,9,6,25,28,0,9,0,2,0,0,2,6,0,38,57,3,0,0,0,0,7,0,0
45,0,0,0,24,10,28,21,1,13,6,18,13,23,6,0,3,20,4,3,13,2,31,67,2,16,0,10,33,5,12,9,0,0,14,33,9,11,22,41,19,11,15,31,8,0,0,20,27,29,0,14,1,13,10,0,30,0,23,4,8,17,17,27,5,19,11,0,10,5,6,0,0,0,0,19,0,0,4,52,4,0,0,12,20
0,11,38,20,7,12,5,18,6,15,6,11,11,0,17,1,0,0,12,4,0,12,15,1,5,12,4,0,19,5,10,2,0,3,11,0,5,12,6,2,10,0,18,0,0,0,20,7,20,0,0,0,9,0,14,0,14,0,0,13,22,0,10,1,0,0,7,14,26,0,0,0,0,0,4,13,2,0,0,0,0,6,16,11,19
0,0,0,27,18,49,19,0,5,16,31,24,8,12,6,0,0,7,12,11,14,9,0,3,64,10,0,0,33,0,0,3,0,0,15,0,25,0,0,33,6,0,38,0,0,0,30,11,4,37,0,7,23,0,25,15,2,26,0,10,3,13,2,18,0,9,36,23,0,0,7,0,0,0,0,12,8,52,0,0,0,0,2,0,48
0,0,0,0,0,45,0,19,0,1,19,1,21,0,34,0,0,0,4,14,0,10,0,0,38,0,52,0,46,3,0,9,0,0,3,0,1,0,16,4,17,0,4,0,0,0,0,13,0,41,0,1,5,0,20,0,5,0,0,16,0,23,2,10,0,14,37,0,7,1,5,3,1,40,5,4,5,64,0,1,0,1,0,0,3
0,0,46,11,45,23,25,6,12,25,44,10,8,16,25,0,0,87,0,6,25,15,31,5,23,19,6,23,10,5,16,36,0,4,18,3,0,21,0,23,3,6,5,0,0,0,6,15,78,0,0,10,0,8,7,33,0,6,0,6,53,18,26,0,37,4,13,12,5,13,0,27,3,0,5,39,47,0,0,0,0,0,14,13,2
0,0,66,32,8,34,5,21,0,9,18,3,32,7,4,8,10,19,7,29,0,3,0,14,79,26,0,14,11,5,0,20,0,0,13,1,0,6,33,21,35,8,1,4,0,0,0,4,2,9,0,3,18,7,19,0,18,0,0,17,5,20,20,0,14,0,0,14,0,2,0,2,2,6,2,4,79,1,1,0,1,3,24,1,5
0,0,33,9,14,24,6,17,0,0,33,0,22,21,5,0,0,1,0,22,3,35,11,68,43,0,24,0,27,0,5,17,0,0,6,22,0,3,18,6,16,0,15,0,0,4,3,44,37,14,0,0,25,9,22,0,24,0,9,16,0,16,22,15,10,55,32,0,17,0,16,0,3,0,2,15,14,29,0,0,0,0,6,0,0
40,0,0,43,13,31,1,21,0,1,46,0,28,0,11,8,0,0,0,14,48,6,17,14,19,6,11,0,0,0,0,27,1,0,14,0,0,11,13,20,16,18,11,2,2,2,3,15,1,0,0,15,0,17,1,13,0,43,14,0,0,19,0,14,10,1,0,0,0,0,2,0,0,2,32,21,5,0,0,0,0,0,68,0,0
0,0,0,44,43,17,0,23,1,0,36,11,35,7,6,0,0,0,2,25,9,21,20,43,54,0,15,0,31,4,0,6,0,6,0,15,0,0,11,0,19,0,5,18,0,0,0,14,1,40,0,0,19,0,22,0,16,0,0,12,0,15,0,26,0,0,32,0,14,0,2,0,0,22,24,16,11,19,0,0,1,1,2,12,0
0,0,0,63,24,44,18,32,0,3,18,32,6,47,9,4,0,0,23,5,19,27,38,32,52,25,0,0,40,0,15,9,0,7,1,20,0,7,17,23,19,5,5,0,0,3,33,11,94,9,0,0,14,11,15,29,3,1,17,13,22,1,42,0,30,56,73,21,0,0,1,0,0,14,3,32,27,17,0,0,2,4,22,11,9
0,0,25,20,0,29,29,4,0,8,10,11,9,17,4,0,0,0,22,4,8,28,0,11,1,0,29,0,32,5,0,21,0,0,13,16,0,11,7,14,16,11,3,0,0,0,9,21,0,28,0,16,7,0,21,1,12,0,0,14,0,18,0,25,8,23,23,1,11,0,11,0,0,0,6,21,30,18,0,0,0,0,7,6,11
0,0,0,20,0,13,6,19,0,0,10,4,0,0,29,16,0,0,7,7,0,7,0,0,2,0,2,11,31,0,0,29,0,2,2,13,0,2,10,16,46,0,31,3,0,4,0,43,9,8,0,0,9,0,15,2,6,0,0,18,3,63,8,40,11,6,0,0,35,0,3,0,2,29,55,31,8,36,0,9,11,1,33,15,0
0,0,0,75,21,45,23,26,0,0,23,0,39,0,31,0,7,0,0,78,8,30,3,33,30,11,25,0,54,4,0,23,1,0,4,14,0,0,31,22,30,0,24,0,0,0,16,19,2,10,0,18,10,15,10,28,5,0,0,40,15,17,35,20,2,25,35,0,17,0,2,0,0,8,8,2,43,31,0,0,0,0,12,9,0
0,0,31,14,0,38,0,31,0,19,16,0,15,10,4,0,0,0,16,0,5,5,11,8,0,10,17,0,16,8,0,19,0,0,7,18,0,15,0,0,19,0,15,8,0,0,5,20,43,2,0,0,5,8,10,15,9,0,5,5,10,3,7,9,11,9,15,0,6,1,0,0,0,1,0,10,4,14,0,2,0,0,0,12,5
1,8,38,7,34,10,15,0,5,8,7,17,6,42,8,0,8,22,34,19,14,13,0,52,39,29,6,30,27,0,37,3,0,10,3,7,21,0,7,45,12,16,6,5,33,12,20,23,83,24,17,10,9,25,12,18,19,1,15,18,22,10,25,6,15,22,46,18,0,10,0,16,1,8,1,9,93,6,0,0,0,0,28,6,6
0,0,0,35,29,19,27,11,0,9,36,24,23,0,5,6,28,21,4,25,0,15,0,99,37,0,13,0,11,20,5,0,0,0,7,10,6,17,19,1,32,19,0,0,2,0,28,6,50,47,12,20,3,16,3,17,6,0,7,5,21,15,24,5,14,54,2,17,8,5,0,0,0,0,25,32,47,41,0,0,0,0,25,17,2
0,0,24,62,30,14,48,7,22,34,8,13,8,16,15,1,1,0,17,15,28,4,0,0,0,14,3,13,37,0,22,1,13,5,18,5,0,20,5,38,27,23,3,0,0,0,12,27,28,0,0,21,4,19,4,19,3,0,23,3,12,3,10,5,0,35,8,19,8,4,2,0,0,0,0,0,18,0,0,0,0,0,0,0,0
0,0,0,10,0,21,0,12,0,0,11,8,0,0,0,2,0,0,0,0,0,13,0,42,6,0,15,0,0,0,0,12,0,0,0,11,0,0,0,2,7,0,0,0,0,0,0,6,25,0,0,0,12,0,10,4,0,0,0,7,0,11,12,4,8,5,5,0,7,0,0,0,0,0,0,3,42,0,0,0,0,0,7,0,2
0,9,27,18,0,27,0,25,0,7,10,0,40,28,5,0,0,0,10,11,27,11,0,30,22,14,12,0,20,0,28,0,0,0,20,5,0,7,19,4,18,0,12,0,0,1,20,6,11,14,0,7,5,7,12,12,3,0,10,6,30,0,4,18,2,13,1,0,18,2,0,3,0,32,4,0,15,15,0,0,0,0,5,0,2
0,0,33,8,11,27,1,24,5,12,11,9,10,7,15,0,0,0,20,16,13,13,0,22,73,6,18,0,1,7,7,27,3,0,17,10,0,0,10,8,22,24,20,0,0,0,7,12,0,98,0,0,0,0,35,3,0,0,0,28,2,15,7,22,0,5,61,0,20,0,6,0,2,6,18,2,17,22,0,0,0,6,2,0,0
0,23,6,4,26,18,0,3,13,0,4,15,4,18,0,8,3,22,0,0,13,15,6,37,27,0,2,17,0,1,17,0,0,3,0,18,8,0,8,28,20,13,0,0,2,0,7,5,11,9,0,9,0,13,4,1,5,2,9,10,18,0,22,8,8,7,6,20,0,0,9,3,6,2,0,12,11,2,0,0,0,2,3,13,0
26,0,0,8,10,32,10,7,0,0,18,0,37,19,8,4,2,29,0,8,36,13,3,39,2,7,18,21,9,3,14,16,9,4,13,11,0,0,18,12,16,0,25,0,0,13,0,21,22,17,0,16,4,0,23,0,15,0,5,9,16,9,2,8,0,32,15,0,17,3,0,0,0,0,0,38,37,14,0,0,0,44,24,5,21
4,0,34,24,40,40,13,6,0,3,15,25,7,27,0,0,0,0,0,14,0,20,0,41,19,18,0,23,15,0,0,9,0,0,0,6,0,0,8,0,37,16,15,0,0,43,30,21,79,34,0,0,11,0,19,0,22,0,14,0,15,50,49,64,14,72,17,0,20,1,6,0,0,76,4,42,118,12,0,0,5,9,7,9,0
0,0,6,62,23,20,22,10,1,18,5,13,3,6,11,0,2,5,31,5,22,6,4,47,7,28,0,1,33,41,19,0,4,0,24,6,1,8,20,24,0,4,36,2,7,5,6,110,58,2,0,5,13,27,3,26,5,0,2,23,21,0,15,3,4,14,25,21,53,0,0,5,13,14,3,13,1,0,2,2,2,0,5,3,3
0,0,0,16,7,29,12,12,7,12,16,3,34,18,18,0,0,7,11,6,14,38,10,54,0,16,8,12,13,0,9,4,0,4,4,25,0,0,31,19,9,9,31,0,0,0,0,23,48,8,0,20,0,17,19,9,19,9,17,8,13,4,44,6,14,6,15,0,13,5,4,0,0,3,10,6,16,30,0,0,0,0,0,6,0
0,13,0,6,18,6,4,19,0,16,3,8,6,34,0,19,0,3,16,0,5,40,0,14,0,8,0,9,3,0,0,5,0,0,13,5,0,0,8,5,2,6,14,0,0,0,11,3,37,18,0,8,0,11,4,12,0,0,9,0,10,5,25,3,0,0,0,17,3,0,0,1,0,0,0,8,12,15,0,0,0,25,0,0,10
21,0,0,21,8,9,4,37,0,7,11,0,17,19,21,0,14,2,25,16,28,16,0,76,9,10,4,9,0,6,23,6,0,0,21,8,5,5,12,30,5,0,30,0,14,0,27,10,10,36,0,20,6,11,0,28,0,0,5,12,7,20,4,20,10,17,22,0,7,0,2,0,0,2,18,7,20,0,0,0,9,12,26,0,5
0,12,10,19,68,31,28,0,11,25,31,32,13,16,14,6,3,66,31,20,63,33,47,44,55,28,13,5,26,10,20,13,2,1,31,14,18,31,33,58,39,47,20,9,33,12,45,51,101,25,18,2,23,19,9,31,5,27,38,48,37,14,53,16,50,60,26,33,13,16,14,4,7,19,37,65,96,30,25,6,15,7,67,72,8
0,0,0,37,25,12,19,13,5,9,13,12,6,4,40,5,0,17,12,6,10,25,15,39,0,10,9,0,13,6,30,5,0,0,0,15,6,12,18,31,9,8,17,0,0,4,33,18,10,16,0,0,19,0,24,12,0,0,30,0,12,4,7,12,25,6,2,0,17,7,4,0,4,0,0,12,9,0,0,0,0,2,0,0,7
0,0,35,6,48,10,43,40,0,51,14,6,1,12,20,6,0,0,11,25,0,23,10,18,32,25,0,0,30,0,15,16,0,4,26,4,18,8,3,14,4,24,0,20,0,6,11,3,20,25,9,12,0,5,3,5,6,0,9,0,23,1,5,4,0,4,18,12,0,4,0,0,0,0,22,69,44,87,0,0,0,0,0,16,33
0,0,0,6,39,4,2,0,0,25,0,0,26,0,1,0,8,2,16,0,48,0,0,0,0,2,14,0,10,0,4,6,0,0,0,25,0,16,5,17,24,0,7,31,10,55,3,7,62,2,0,0,7,0,20,2,11,0,8,67,1,12,20,12,18,5,21,0,20,0,0,0,0,0,11,2,21,0,0,0,0,0,2,0,0
0,0,3,42,11,9,24,5,0,17,5,32,4,20,9,4,0,0,21,8,49,9,8,0,0,18,6,0,16,2,0,17,0,4,4,0,3,0,20,22,11,4,12,0,0,0,2,17,5,4,0,4,11,0,11,0,0,0,0,44,14,2,28,19,0,0,0,0,6,0,0,0,0,2,0,44,0,5,0,0,0,2,2,0,0
0,0,0,0,46,41,0,7,0,0,11,8,20,3,0,0,0,0,0,11,4,21,0,0,23,2,15,0,12,2,0,0,0,0,0,9,0,0,0,0,0,0,9,0,0,0,4,0,0,18,0,0,0,0,10,0,9,0,0,9,0,9,15,9,2,8,26,0,12,0,7,0,0,0,0,5,10,8,2,0,2,0,0,0,0
0,6,19,11,0,14,0,43,0,28,0,1,29,0,16,18,0,0,0,6,17,14,14,53,0,0,22,0,51,0,0,9,0,0,3,22,0,18,0,4,19,7,27,0,0,0,0,34,6,31,0,23,0,0,29,0,30,0,3,30,0,13,2,29,19,3,7,15,3,0,15,1,0,3,4,24,9,4,0,0,0,3,5,1,34
0,0,0,47,0,40,8,42,0,0,23,9,32,0,28,3,0,0,2,25,0,45,0,23,85,0,22,14,25,4,0,21,0,3,0,24,0,4,11,12,23,1,15,0,0,1,0,26,88,55,0,0,22,0,15,4,3,0,0,26,0,31,0,16,0,8,44,0,21,0,4,0,0,0,0,6,7,34,0,0,0,0,1,0,0
7,0,71,21,46,26,50,16,0,8,17,54,35,0,14,0,8,3,50,24,20,43,59,25,4,6,24,0,22,6,26,7,17,26,16,0,0,21,0,44,5,18,12,11,0,15,10,35,27,4,0,0,22,0,24,10,20,9,18,18,32,14,37,21,9,11,19,0,18,7,4,8,0,29,23,56,32,10,0,0,0,0,17,0,5
0,0,0,0,0,0,0,0,0,0,0,0,0,0,31,27,0,0,92,51,4,44,25,108,3,0,11,0,24,0,2,8,0,0,0,19,3,0,17,4,13,4,17,0,0,0,0,17,79,16,0,0,8,0,14,2,11,0,10,14,4,21,0,10,4,61,49,3,10,2,2,20,4,9,0,25,99,25,0,0,0,2,13,9,0
0,0,33,30,42,19,12,2,0,17,8,7,15,15,14,2,0,0,30,4,14,2,0,9,1,10,1,22,0,6,1,6,19,0,9,0,0,0,6,20,5,25,0,0,0,0,0,9,0,0,0,13,2,12,5,0,9,0,4,0,40,0,19,0,21,14,0,18,0,3,2,0,0,0,7,26,13,4,0,0,0,0,0,10,0
0,0,31,88,16,30,28,10,33,25,12,18,33,16,3,0,0,0,18,0,0,80,116,88,14,13,2,10,17,8,9,18,0,16,1,4,11,0,35,69,3,7,5,0,0,4,18,36,81,10,0,0,11,14,33,13,9,67,2,9,35,7,28,9,0,87,29,12,0,11,0,0,0,5,15,7,41,27,0,0,0,4,11,0,5
0,0,24,28,35,20,21,0,4,4,0,25,5,9,22,0,0,4,5,6,46,6,3,0,52,0,4,6,13,3,5,0,0,5,9,3,0,5,1,11,10,6,4,0,0,0,4,10,6,30,0,0,5,0,8,4,1,0,4,1,4,1,4,13,0,13,1,0,5,0,0,0,0,0,0,114,29,15,0,0,0,0,0,0,2
0,0,0,5,27,30,3,29,0,11,9,1115,13,27,36,0,0,0,20,10,0,163,0,0,10,10,14,0,24,0,0,14,0,0,4,12,1,0,22,1,15,0,27,0,0,0,0,61,59,1,0,0,15,4,29,0,18,0,0,19,26,1,0,23,13,3,10,8,23,0,3,0,0,1,29,7,62,0,0,0,0,0,0,0,0
0,0,19,9,10,5,40,6,12,11,3,15,13,13,8,0,7,4,28,0,8,0,7,2,0,4,13,5,10,3,14,9,0,0,8,11,3,27,4,8,8,7,14,0,0,0,5,22,0,0,7,0,16,4,22,18,0,0,0,21,12,21,10,7,0,1,3,28,15,2,0,0,0,0,0,1,47,0,0,0,0,0,2,0,0
0,0,81,38,29,44,5,72,0,0,13,0,13,7,29,6,0,0,8,34,0,28,0,38,16,0,21,0,24,14,0,18,0,0,10,33,0,0,20,0,15,0,18,0,0,0,27,43,0,6,0,20,24,0,22,6,37,12,4,10,0,27,0,19,0,0,7,0,21,0,17,0,0,0,33,19,20,8,0,0,0,0,0,0,1
0,4,0,65,18,36,12,77,0,0,46,8,38,4,94,0,0,6,22,31,0,53,7,0,28,0,39,0,22,12,0,38,0,0,0,23,0,0,45,29,24,0,21,0,0,7,0,37,0,29,0,0,30,0,17,0,19,0,0,33,0,32,4,27,25,13,46,3,28,3,39,0,0,0,4,15,32,54,0,0,0,0,23,0,0
2,0,0,14,35,0,28,15,11,8,5,0,29,31,7,3,0,0,6,34,17,15,0,0,33,10,6,13,7,4,0,21,0,0,13,12,11,0,14,25,18,13,12,0,0,0,9,34,21,13,5,4,14,5,9,0,4,0,8,5,22,0,38,19,18,0,10,2,28,1,0,4,0,12,3,57,30,0,0,0,2,2,4,0,0
0,1,0,58,22,10,4,13,0,0,11,0,11,0,7,0,0,0,0,6,5,9,0,3,23,0,13,0,6,0,0,6,12,0,8,0,0,0,6,10,7,1,8,0,0,0,7,21,0,0,0,0,11,0,0,5,16,0,0,15,5,8,2,14,0,0,37,17,3,0,7,0,0,0,0,0,67,10,0,0,0,4,0,0,0
0,0,57,16,27,12,19,7,0,9,13,13,8,9,19,0,0,19,8,15,40,18,5,69,11,20,0,13,3,5,8,0,0,0,9,7,0,0,12,5,23,19,0,0,0,0,16,0,45,74,0,0,14,0,21,0,17,0,0,13,17,5,39,0,0,26,37,27,0,12,0,0,0,2,9,25,46,27,0,0,0,0,2,2,0
0,0,18,15,8,36,0,29,0,0,19,18,0,0,23,0,0,12,12,21,0,13,0,17,39,0,18,0,20,9,0,12,0,1,4,10,6,0,10,11,24,2,13,4,0,0,0,21,21,86,0,11,8,0,36,24,4,0,0,22,11,16,5,30,0,9,21,0,23,0,6,1,1,2,0,8,8,4,0,11,7,11,13,8,17
0,0,7,8,0,54,34,18,23,0,31,26,24,8,23,10,4,30,0,10,35,64,54,131,48,16,0,14,13,18,0,0,16,0,17,19,2,16,0,59,8,24,0,0,0,39,21,21,44,34,10,0,0,15,6,16,0,4,14,13,30,10,32,5,1,96,32,23,0,5,10,0,5,9,10,6,150,42,0,3,9,1,93,52,15
13,0,62,31,9,31,36,55,75,21,41,5,49,0,25,30,27,49,55,12,28,58,0,49,67,12,28,2,45,5,16,87,21,23,25,23,7,46,47,76,33,32,23,18,24,44,62,72,111,110,4,3,3,37,15,46,16,21,46,7,68,30,45,8,6,32,25,20,23,22,5,5,18,16,53,27,33,0,8,0,0,55,40,17,31
1,0,46,46,40,26,31,11,0,22,13,35,16,20,9,0,0,3,30,30,24,17,7,142,41,14,15,3,21,0,15,0,0,0,14,14,0,0,15,19,4,15,0,0,0,5,45,25,80,62,0,14,0,13,9,26,0,0,6,14,16,8,23,2,15,17,9,13,0,10,0,0,0,7,10,59,25,14,0,0,0,0,0,0,48
0,0,0,5,36,10,16,8,0,11,13,29,13,26,43,1,0,10,46,13,24,10,21,0,63,0,10,2,30,0,0,23,0,0,0,17,0,0,0,20,36,0,15,0,0,0,0,60,15,3,0,7,19,0,23,9,19,0,0,13,0,46,4,14,0,8,28,16,20,0,0,0,0,2,0,30,117,0,0,0,0,0,11,0,0
42,0,2,42,81,15,27,5,0,14,7,18,15,7,0,0,7,21,35,34,56,28,20,308,20,35,0,19,47,5,14,0,27,4,22,8,0,29,0,68,6,60,5,0,10,13,13,119,149,0,0,30,0,21,0,17,3,12,16,6,16,0,48,20,32,121,28,24,1,6,0,24,0,7,0,20,177,0,0,0,3,28,0,0,5
0,0,0,30,0,51,0,17,0,0,28,12,34,0,38,0,0,1,0,18,0,26,0,0,25,0,19,0,9,0,0,18,0,0,0,21,0,0,46,0,27,0,15,0,0,0,7,33,0,23,0,0,17,0,29,0,29,0,0,3,0,45,0,30,0,21,22,0,28,0,4,9,0,0,0,0,0,40,0,0,0,2,0,0,0
0,0,0,100,38,32,30,35,3,17,24,0,85,111,28,1,2,4,29,1,20,16,29,161,77,1,18,14,42,12,21,5,2,7,4,16,0,22,4,48,20,10,26,1,4,4,0,48,54,72,0,22,22,14,38,51,3,1,24,8,33,7,7,18,54,25,38,24,7,0,3,0,1,67,15,41,23,41,0,0,0,1,27,0,0
0,5,32,3,11,0,0,6,8,0,6,7,5,2,26,0,0,4,3,14,3,13,14,14,1,0,12,0,22,0,0,12,0,0,4,5,7,0,18,5,13,0,6,0,0,0,0,8,20,3,0,0,14,0,15,4,19,0,0,13,0,19,4,12,23,29,26,0,13,0,2,0,0,2,0,0,42,0,0,0,0,4,0,0,0
0,7,45,29,35,0,61,6,0,19,5,23,9,24,7,0,0,3,29,13,14,9,0,55,7,34,0,12,0,8,26,0,5,9,18,7,0,13,8,22,7,15,8,0,0,0,14,5,99,0,0,6,3,16,0,12,0,0,24,9,26,18,39,0,16,22,45,13,0,9,2,0,17,5,20,26,117,4,0,0,0,0,8,2,0
0,0,40,35,33,12,19,13,0,19,12,31,7,28,8,2,2,6,22,15,20,20,4,20,20,19,0,14,22,0,8,0,0,0,27,7,0,0,12,9,18,18,0,0,0,0,20,21,40,20,0,0,13,0,19,13,0,0,0,15,10,4,0,17,0,35,15,0,12,2,0,0,0,3,0,35,48,0,0,0,0,0,12,7,0
0,0,0,21,30,11,5,8,4,0,24,1,33,4,45,0,0,0,19,18,0,25,29,4,77,0,0,0,0,0,0,24,0,0,0,15,0,0,8,8,16,6,17,1,0,0,5,48,68,45,0,0,12,0,15,5,2,0,0,11,2,0,3,13,0,0,0,0,3,0,10,9,0,0,2,77,94,121,0,0,0,0,0,0,2
0,0,0,22,0,49,0,20,0,0,25,3,33,0,21,0,0,0,4,16,5,27,63,41,54,0,11,6,19,3,0,14,0,0,0,20,0,8,11,0,17,0,1,0,0,2,4,27,8,19,0,0,11,0,20,3,11,0,0,11,0,15,0,8,0,0,20,0,14,0,0,0,0,0,0,0,0,37,0,0,0,0,0,0,0
15,0,37,7,59,19,10,23,0,0,32,12,20,17,5,0,0,2,33,17,13,43,0,6,6,20,6,0,26,0,0,17,0,0,18,7,0,0,28,36,21,0,18,0,0,0,11,36,4,53,0,0,24,0,36,30,0,0,0,20,15,9,59,6,0,3,109,3,32,12,0,0,0,8,6,3,4,17,0,0,0,0,11,0,0
0,0,28,7,0,16,0,17,0,0,9,0,20,0,24,0,0,6,12,10,0,14,12,6,96,0,18,0,12,0,0,9,0,0,0,20,0,0,9,0,11,0,9,0,0,0,0,40,25,3,0,0,0,10,0,0,0,0,0,19,0,24,2,9,31,21,13,0,23,0,3,0,0,3,0,14,51,0,0,0,0,0,0,2,10
0,0,3,35,0,0,0,23,0,0,20,0,29,0,16,4,0,2,0,22,0,28,0,0,10,3,20,0,0,0,0,29,0,0,0,13,0,0,36,4,20,0,7,0,0,1,0,12,16,0,0,0,25,9,8,7,0,0,0,25,0,14,5,0,32,0,0,0,8,0,2,0,0,0,0,31,12,36,0,0,0,0,12,0,0
0,0,27,20,14,41,6,57,3,15,6,3,21,4,27,0,13,3,18,8,5,36,4,30,2,14,0,0,38,0,8,0,0,8,1,14,0,3,15,20,18,3,11,0,0,0,0,24,13,35,0,0,24,3,15,4,16,0,0,16,1,14,4,14,2,14,21,0,11,1,9,0,0,5,0,20,14,2,0,0,0,1,34,22,4
0,0,73,55,51,23,34,4,0,57,48,36,29,38,0,6,12,15,28,0,14,33,15,121,37,0,9,5,8,0,14,23,14,0,16,12,0,9,39,71,30,37,4,3,0,9,40,43,95,32,3,34,12,37,19,10,16,0,17,15,38,46,50,26,11,129,39,36,7,16,2,4,13,30,40,61,130,17,9,10,0,16,72,10,27
0,0,0,14,60,26,17,33,1,0,24,20,27,15,10,0,0,6,39,39,43,21,48,117,20,19,5,13,15,4,0,22,8,0,21,4,4,22,4,43,41,12,12,0,0,0,21,18,34,70,0,24,6,16,10,16,7,0,20,27,21,9,24,14,2,25,36,23,7,4,9,1,0,24,4,62,148,18,1,1,0,0,0,28,14
0,0,0,42,20,31,4,24,0,14,13,4,17,2,30,0,0,27,0,12,9,13,0,5,56,0,20,0,28,0,0,24,0,3,0,10,0,0,39,1,19,0,0,0,10,0,0,8,11,43,0,0,14,0,0,0,9,0,5,12,0,9,0,47,39,0,29,0,22,1,2,0,0,0,0,0,16,58,0,0,0,34,0,0,2
0,0,28,40,54,49,40,7,0,34,16,40,29,4,10,4,1,16,17,58,44,18,2,79,7,37,0,34,31,8,29,16,3,22,38,20,5,29,30,89,9,68,16,0,13,9,26,26,76,38,0,31,7,26,4,23,4,0,14,18,29,11,29,4,0,35,31,12,11,4,14,0,0,0,6,17,11,0,0,0,0,0,14,0,4
0,0,68,63,81,22,39,86,40,11,57,16,20,30,0,0,0,41,52,16,35,60,0,44,9,42,62,20,31,22,12,31,0,19,7,16,0,8,5,89,15,38,5,3,0,18,20,16,33,56,4,19,4,6,19,13,16,0,8,10,38,11,41,14,0,16,5,15,8,11,40,0,3,2,0,58,28,0,0,0,0,0,0,0,22
0,0,0,24,28,9,26,7,0,12,6,7,14,10,0,0,0,11,0,2,17,7,0,66,2,16,19,0,22,0,13,0,17,0,7,13,15,0,2,26,19,9,0,0,0,0,11,4,62,0,2,14,6,14,1,12,0,4,17,1,16,0,11,7,0,35,0,15,0,3,0,0,20,2,0,31,35,33,0,0,0,12,2,1,0
41,12,59,55,6,6,22,4,0,36,7,25,5,22,5,0,3,23,0,5,13,2,15,23,0,18,0,15,11,0,18,0,0,0,14,5,11,19,0,30,14,22,2,2,0,0,16,15,22,3,0,13,0,14,12,12,0,0,15,4,21,0,10,2,22,3,0,21,0,2,0,0,4,0,0,39,29,2,7,0,0,0,2,0,4
0,0,29,35,11,6,0,24,0,13,7,11,19,13,6,0,0,19,0,19,17,5,52,0,40,2,37,22,4,0,9,0,0,0,17,0,0,18,9,17,11,0,6,0,2,0,7,4,189,29,0,8,3,14,11,20,0,0,12,0,8,7,12,19,24,21,51,16,0,0,2,0,0,2,0,29,25,48,0,0,2,0,2,0,0
0,0,0,5,25,20,0,4,0,4,4,10,4,12,4,0,0,0,14,23,0,24,0,19,3,9,0,15,12,0,6,8,0,0,9,0,0,9,0,60,8,12,5,0,0,0,9,21,88,0,0,6,2,9,12,12,0,0,9,0,12,3,21,0,15,6,1,0,0,4,0,0,13,0,0,16,0,7,0,8,9,2,0,6,0
0,0,49,29,16,5,19,0,0,26,7,21,11,8,7,0,0,39,6,20,0,17,37,67,9,9,10,0,24,0,16,0,12,0,0,7,0,15,0,12,4,15,0,0,0,0,13,39,83,0,13,0,0,18,3,12,0,0,15,12,12,4,16,11,0,86,2,13,0,3,0,0,0,8,3,66,54,0,0,0,0,0,3,0,0
0,3,23,12,3,19,6,7,19,5,7,9,53,10,8,10,0,0,0,25,27,1,22,2,82,0,7,15,3,5,12,8,2,21,73,0,0,23,8,36,6,20,11,0,0,0,17,69,22,35,0,18,3,21,7,7,28,0,6,16,17,9,20,1,18,4,31,0,14,0,0,3,1,6,8,16,34,10,0,0,0,2,12,9,2
0,8,12,11,0,21,0,21,15,4,11,0,22,0,20,12,3,0,36,1,0,9,0,11,5,15,0,0,58,0,15,32,0,0,14,4,0,13,1,17,15,0,18,0,0,0,0,18,28,0,0,0,14,3,7,0,25,7,16,4,14,0,13,7,0,8,1,2,17,0,0,0,0,0,0,13,0,0,0,0,0,6,5,3,11
0,0,40,8,12,15,8,16,0,9,5,0,17,10,9,0,0,0,8,10,6,16,13,6,12,7,6,9,18,10,0,4,0,0,6,7,0,13,5,16,14,13,4,0,0,0,9,16,10,17,0,9,5,9,23,6,4,0,9,4,13,7,20,3,20,0,0,14,4,5,7,0,0,0,0,35,65,2,0,0,0,0,1,0,1
0,0,9,39,3,11,3,16,0,0,17,11,28,0,32,0,0,0,0,23,0,30,0,9,15,0,18,0,0,0,7,0,8,0,0,9,0,15,0,0,2,0,0,0,0,0,0,0,30,19,0,0,0,0,0,0,0,0,17,0,0,7,0,13,24,8,0,0,0,0,0,0,0,0,0,112,16,0,0,0,0,0,0,0,0
0,0,17,3,21,8,21,7,0,10,0,15,0,35,1,5,0,0,1,16,15,0,0,67,0,13,0,0,1,0,32,0,0,0,7,15,0,9,4,8,0,6,2,0,0,0,0,0,4,33,0,14,0,13,8,0,0,0,11,1,7,7,7,4,0,30,15,0,13,3,0,0,0,2,0,23,46,0,0,0,0,0,0,0,0
0,0,51,9,29,5,20,12,0,8,6,18,13,24,4,0,0,11,28,0,35,14,1,42,22,0,26,12,13,9,18,0,0,0,10,3,0,0,15,12,19,12,0,0,0,0,15,4,9,41,0,7,0,0,19,13,0,0,0,13,15,0,18,0,0,0,30,14,0,0,0,0,0,0,0,23,2,24,0,0,0,8,25,0,3
0,7,25,48,11,13,29,24,3,0,12,12,12,13,15,5,0,29,0,9,16,17,21,3,23,0,18,15,15,16,4,23,0,0,10,11,4,38,5,28,10,0,18,8,1,15,17,9,22,6,0,27,11,10,9,0,31,3,11,8,2,32,20,4,11,6,13,17,4,4,13,0,2,16,0,20,33,0,0,3,0,1,4,0,0
0,0,26,63,10,70,0,10,0,17,27,9,39,25,11,0,0,5,14,13,40,3,0,43,39,0,16,1,39,0,22,0,0,13,14,1,0,14,12,14,15,0,18,0,0,0,7,12,21,90,0,21,2,0,13,23,16,0,11,12,3,19,0,14,15,8,52,16,0,3,0,0,0,4,0,39,12,53,4,0,0,2,13,0,5
0,0,93,29,36,5,39,5,0,31,13,0,15,28,5,0,0,7,13,8,17,7,14,13,1,12,0,14,8,4,7,0,0,12,0,6,14,0,0,15,14,9,0,0,6,0,0,46,0,0,10,0,0,13,0,23,0,1,19,0,23,0,27,0,5,6,7,16,0,0,0,0,0,19,15,23,27,0,0,0,0,0,3,0,5
0,0,0,0,0,0,0,0,0,0,0,0,0,0,0,0,0,0,72,35,0,7,94,41,3,0,11,0,16,10,0,8,0,0,0,19,4,0,9,0,22,0,7,0,0,0,0,18,56,25,0,0,11,0,15,9,15,4,0,15,6,13,6,12,0,45,1,0,10,6,2,18,0,0,0,24,9,17,5,0,0,0,17,0,0
0,0,7,34,31,0,15,25,0,5,32,21,12,16,4,11,0,18,19,19,0,22,0,5,0,6,34,0,17,0,10,32,0,0,0,14,7,0,29,26,0,12,5,1,0,0,27,4,9,4,0,0,21,6,25,4,14,1,0,21,16,26,8,15,0,5,2,0,37,0,5,5,5,6,0,10,16,11,0,3,0,0,13,0,1
0,0,0,52,15,0,22,6,0,32,9,27,0,2,22,0,0,0,0,12,0,27,0,74,1,20,0,6,27,0,0,20,0,0,7,5,0,0,6,18,13,8,1,0,0,0,17,10,0,40,0,0,5,0,19,0,20,0,0,21,3,23,2,0,0,0,28,17,0,0,4,0,0,0,0,16,31,0,0,0,0,0,9,0,0
0,0,0,34,6,15,27,0,0,0,41,20,10,0,26,0,9,0,24,24,38,8,0,29,3,0,24,0,15,0,0,26,10,0,1,22,1,0,23,3,36,0,16,2,0,0,0,25,37,12,0,0,19,9,32,0,15,0,0,24,0,51,13,22,4,0,5,0,16,0,0,0,0,0,0,21,38,0,0,0,0,0,0,0,0
0,0,0,34,0,37,36,13,0,0,11,0,0,0,12,19,0,0,0,62,0,40,44,55,22,2,27,1,28,10,0,12,0,10,0,17,0,0,7,19,15,7,3,1,0,0,0,10,48,22,0,0,15,0,29,8,3,0,0,0,0,20,19,5,0,9,3,0,13,0,10,0,6,0,0,65,23,65,0,0,0,0,0,0,0
0,0,0,37,12,22,14,0,0,13,4,0,27,14,36,29,0,27,16,86,10,27,30,120,82,0,22,0,31,0,0,7,0,0,0,10,0,0,13,16,23,0,14,0,0,0,0,32,66,32,0,19,0,19,0,14,0,0,0,15,0,22,6,27,9,3,38,0,21,0,5,2,2,6,0,11,6,13,0,0,0,0,0,15,0
1,0,42,9,0,17,0,17,0,0,19,0,16,6,0,0,0,0,0,8,0,24,4,0,0,0,0,0,0,0,0,0,0,0,0,0,6,0,15,0,11,0,0,0,0,0,0,0,0,0,0,0,0,0,0,0,0,0,20,46,0,87,21,9,0,0,0,0,0,0,8,0,0,0,0,1,0,0,0,12,0,0,32,7,2
0,0,0,0,39,0,0,24,0,5,24,0,27,0,24,0,0,1,0,22,13,7,3,0,43,0,5,0,15,0,0,19,0,0,7,8,0,0,20,34,3,12,11,0,10,6,23,25,8,7,0,0,11,6,19,0,17,0,0,19,0,20,6,10,0,5,28,0,0,0,0,0,1,8,3,39,0,9,0,0,0,0,0,0,0
0,32,37,18,12,5,32,5,9,0,14,17,6,17,4,6,0,13,0,18,0,8,31,101,36,8,8,0,34,0,10,5,0,11,0,7,13,0,0,66,19,5,3,6,0,0,28,4,116,0,0,12,1,12,12,12,0,4,11,0,56,8,26,0,35,41,33,12,6,2,0,0,0,20,0,18,34,0,0,0,4,2,47,2,10
5,0,0,36,19,17,24,15,0,21,14,6,21,28,11,6,2,2,40,16,28,25,0,77,64,14,16,9,34,4,17,13,0,11,13,11,0,12,25,25,6,11,10,0,0,0,14,24,59,47,11,10,7,6,14,18,0,0,9,12,27,1,16,26,13,61,38,23,0,0,1,0,0,10,2,23,60,27,0,0,0,0,12,10,0
14,0,31,15,40,42,45,47,19,31,27,40,51,0,27,12,44,22,29,11,33,15,20,154,21,26,6,8,21,0,16,16,1,19,2,22,15,15,3,37,23,11,32,2,0,3,10,29,50,53,28,20,10,20,19,38,18,6,24,9,19,13,35,8,23,65,37,10,10,5,8,46,18,29,16,29,51,28,5,4,11,6,30,7,5
0,0,23,4,20,5,15,1,5,32,6,20,6,4,35,0,8,9,13,16,2,23,42,114,6,16,3,21,0,0,14,0,2,1,18,30,5,17,3,4,28,21,1,44,0,0,26,4,28,11,0,1,16,15,6,9,13,0,21,0,16,0,61,14,5,67,1,0,14,4,2,1,0,0,9,2,92,6,0,0,0,0,2,0,0
0,4,0,56,42,23,9,17,2,19,9,14,25,25,16,0,0,14,39,29,3,30,1,25,0,14,5,5,16,4,14,6,0,0,0,20,0,0,26,20,12,10,24,0,0,0,23,22,38,34,0,20,15,5,20,10,18,8,9,2,19,12,15,18,4,0,40,9,12,1,4,0,0,1,0,9,21,13,0,0,0,1,3,1,0
0,23,115,21,0,56,16,16,5,4,45,0,41,15,12,0,0,5,27,43,4,29,21,33,37,16,12,19,60,0,5,17,2,0,0,22,0,0,26,9,23,0,21,0,1,6,8,39,44,36,0,7,24,23,12,7,6,0,3,19,3,9,16,13,9,32,41,18,5,7,9,0,0,25,20,30,31,0,0,0,0,17,20,6,4
0,0,38,41,37,10,57,0,8,39,8,25,28,0,13,0,5,9,25,18,19,2,10,56,28,37,26,11,7,5,24,42,0,26,0,26,14,0,10,32,6,38,6,7,0,0,36,9,34,30,13,0,5,31,4,38,5,7,21,0,28,3,41,0,2,0,32,31,0,2,9,42,7,9,0,16,60,0,0,0,0,4,7,0,4
0,0,2,73,51,21,10,31,7,6,17,33,23,0,22,0,4,0,31,38,5,49,16,31,50,6,14,16,23,0,0,15,7,7,3,14,0,17,23,39,28,0,18,0,15,2,0,31,21,12,0,12,0,0,20,20,2,0,0,25,0,28,5,24,13,16,15,0,17,8,3,0,6,0,8,8,2,44,0,0,0,2,0,0,0
0,2,34,8,15,15,6,19,4,4,22,3,10,4,29,0,1,0,36,0,28,9,0,65,0,12,7,20,18,0,21,0,0,0,8,17,0,0,17,0,25,0,15,0,0,0,6,17,40,60,0,0,9,0,18,9,10,7,2,10,0,8,5,7,0,21,18,0,11,0,0,0,0,5,0,12,0,34,0,0,2,0,6,0,7
0,0,0,24,23,13,0,25,0,9,5,0,12,9,23,0,7,3,10,29,73,12,5,27,0,3,12,15,20,5,17,3,15,3,12,21,0,1,16,15,12,7,7,0,0,0,0,33,0,4,0,26,20,2,12,8,26,0,10,7,1,14,7,7,27,10,0,0,16,0,0,0,0,0,18,44,16,0,0,3,0,2,2,0,0
0,0,8,54,0,22,0,22,0,0,27,0,26,0,18,0,0,0,3,26,11,5,0,8,7,0,18,0,18,3,0,17,0,0,3,19,0,0,18,6,18,2,8,0,0,0,8,10,0,7,0,0,14,0,24,0,0,0,10,7,0,20,9,9,10,0,0,0,11,0,0,0,0,19,4,46,27,11,0,0,0,0,0,0,0
0,50,0,41,17,10,22,14,6,22,9,3,21,36,37,0,2,0,0,19,1,18,11,23,0,11,0,20,1,2,0,18,1,2,0,16,7,0,30,4,20,7,5,0,0,0,0,25,24,52,0,0,4,0,10,0,0,0,4,12,0,17,0,6,0,48,33,0,8,0,0,0,0,0,0,0,66,6,0,0,0,0,4,0,1
0,0,7,67,9,44,0,21,6,0,33,5,26,7,10,0,0,2,18,21,8,20,0,60,2,17,15,0,37,10,0,36,0,0,9,24,0,8,10,12,10,5,10,0,0,0,6,23,4,0,0,0,11,0,13,3,14,0,0,13,0,18,2,8,0,2,0,0,19,0,1,0,0,0,0,2,21,0,0,0,0,3,2,0,4
0,0,0,3,41,59,21,17,0,2,26,1,26,1,67,0,0,6,6,24,1,26,53,33,52,3,26,8,39,0,11,19,0,0,0,13,2,0,50,11,16,0,17,0,0,0,14,47,49,23,0,8,31,11,8,29,0,0,13,14,21,16,4,12,50,24,6,2,11,0,2,0,3,11,7,61,29,11,0,3,0,0,25,5,2
67,0,16,8,5,31,24,23,0,0,19,23,10,34,0,30,7,2,14,0,15,22,0,0,2,8,11,0,0,0,0,19,0,0,13,11,0,4,14,14,15,18,0,0,2,0,16,9,5,2,2,0,12,13,0,8,17,0,17,6,14,2,63,2,4,29,4,0,19,2,0,0,5,2,0,24,12,0,2,1,1,2,60,5,5
0,1,51,12,9,27,58,14,6,3,34,6,12,21,12,0,27,10,30,7,28,14,0,96,27,1,29,12,36,16,30,17,4,4,10,9,4,29,0,26,24,18,18,8,4,4,5,33,52,21,0,24,2,27,4,30,5,0,16,0,17,3,19,15,0,31,13,18,3,11,17,3,0,11,0,14,26,45,24,3,3,6,41,3,8
33,0,0,30,17,15,13,22,0,0,24,8,17,0,32,3,4,0,0,28,12,27,0,17,49,14,0,0,29,0,0,12,0,0,0,29,0,0,20,9,28,0,23,0,0,0,0,63,35,28,0,0,7,0,10,24,0,0,6,16,0,28,4,30,0,14,29,0,21,0,1,62,2,3,30,6,78,94,0,10,0,0,12,0,16
0,0,34,10,17,22,0,33,0,7,13,14,16,0,17,7,0,2,0,3,0,15,12,0,0,0,20,0,9,0,0,10,0,0,0,11,0,0,14,0,19,0,25,0,0,4,0,15,36,0,0,13,9,0,22,0,6,0,0,13,0,23,2,15,0,5,20,0,15,0,7,0,0,0,0,15,6,0,0,0,0,2,4,0,2
26,0,24,51,28,1,17,14,11,15,10,19,18,2,1,10,1,9,19,13,33,13,16,0,2,17,2,12,4,5,13,6,0,5,11,9,0,11,1,23,0,9,0,0,8,0,0,12,63,28,0,4,9,14,5,15,1,0,25,1,1,8,49,11,18,52,0,0,11,0,7,0,0,0,16,32,38,0,0,0,0,0,0,0,1
0,0,34,16,2,58,10,0,0,0,19,15,7,0,0,0,4,0,16,14,26,22,15,38,26,6,19,0,11,3,8,8,11,4,15,23,1,0,28,20,30,13,0,0,0,0,9,4,69,14,0,0,14,30,11,4,15,0,18,11,19,4,0,8,2,34,0,26,6,7,4,0,8,39,104,66,93,0,0,0,2,0,42,0,0
0,29,34,13,11,14,17,24,5,28,17,11,8,16,15,6,5,20,3,12,13,5,48,47,0,21,2,12,0,22,10,18,1,0,27,9,7,17,5,26,6,10,15,3,0,20,13,20,70,6,1,15,0,17,4,14,9,8,15,11,12,0,16,10,0,69,6,19,16,19,13,4,2,19,17,42,111,1,0,0,17,6,12,4,6
6,12,14,43,13,28,7,11,0,42,7,16,9,16,4,0,2,6,0,27,8,39,0,51,0,4,1,6,2,9,13,28,4,0,13,7,0,25,1,5,27,5,0,0,5,5,39,22,113,9,0,2,6,8,10,3,0,0,22,20,34,8,17,1,6,58,6,3,0,0,0,0,0,0,13,21,11,4,0,0,0,9,5,2,5
0,0,0,22,7,11,8,39,0,0,23,7,41,5,18,7,0,12,0,17,16,3,6,5,6,4,19,5,15,3,0,21,0,0,7,23,0,0,25,25,27,0,17,0,0,0,0,16,7,7,0,0,17,7,24,7,23,0,0,28,0,29,2,13,8,2,3,0,18,4,4,0,0,2,0,23,5,2,0,0,0,2,22,15,0
0,0,79,23,39,24,98,7,0,12,8,23,47,38,9,0,0,0,38,13,19,90,16,63,13,18,0,24,13,0,7,20,0,0,25,0,12,17,0,21,11,12,6,3,4,8,15,32,87,0,0,7,0,10,8,30,0,0,0,17,17,0,0,9,4,17,0,14,0,12,0,0,0,0,0,0,0,0,0,0,0,0,0,9,11
0,0,0,18,11,39,19,0,0,14,17,7,1,27,13,6,1,0,2,17,36,7,13,48,6,6,16,9,9,0,6,10,0,6,17,6,0,6,25,6,24,10,12,0,0,13,31,20,30,36,0,0,4,0,12,16,2,0,7,13,8,24,3,28,15,4,5,0,15,5,7,0,0,2,7,4,11,0,0,0,0,2,3,2,2
0,0,0,37,15,10,25,31,12,33,5,1,42,21,15,3,2,4,2,35,5,0,6,0,0,0,34,0,17,2,0,9,0,2,0,17,0,0,17,6,19,4,13,0,0,0,14,18,21,0,2,7,12,0,0,0,10,0,0,9,3,14,1,14,0,3,0,0,12,0,7,0,0,0,0,10,1,0,0,0,0,0,3,0,5
0,0,31,26,24,23,12,4,0,46,16,27,4,26,4,0,0,33,64,28,19,0,92,143,33,32,2,21,0,8,15,8,0,18,0,0,3,22,0,25,84,24,0,0,0,2,65,41,205,42,0,20,0,28,0,28,32,0,6,17,90,11,68,56,109,195,19,6,16,7,3,0,0,4,133,168,75,13,1,0,0,8,31,37,24
23,2,4,14,81,15,35,3,2,33,2,40,14,25,1,0,0,2,55,8,48,0,104,76,6,3,37,30,0,2,26,6,0,9,20,2,1,43,10,41,0,41,5,12,17,22,16,60,64,10,0,3,15,21,16,36,0,0,24,14,20,13,26,24,22,45,36,58,1,18,1,6,0,0,12,28,67,6,4,1,0,30,3,6,1
3,0,65,57,67,35,44,49,15,33,41,27,12,41,22,2,0,37,55,16,46,36,9,52,42,19,9,56,25,8,27,15,6,0,46,4,0,42,4,47,15,14,11,0,9,0,20,27,70,10,0,22,4,26,13,32,4,0,23,10,19,21,16,4,0,28,0,0,14,0,5,0,2,0,0,21,18,9,14,29,48,87,2,1,9
0,16,14,12,25,4,13,7,0,13,8,14,15,0,27,0,0,1,17,12,1,31,0,41,12,22,0,13,12,0,8,0,0,0,19,2,6,15,0,10,9,0,14,0,0,0,7,9,22,37,0,16,0,0,14,2,12,0,4,8,0,13,16,0,0,18,0,0,17,5,0,0,0,0,0,28,45,0,0,0,0,2,3,0,0
0,0,6,59,13,22,0,48,26,3,50,0,7,26,34,12,0,30,15,19,5,55,84,86,16,11,12,13,21,9,16,2,0,2,17,16,3,49,12,58,27,16,1,32,0,8,24,64,48,13,0,10,21,8,38,37,0,35,0,5,64,13,20,0,12,26,13,0,10,32,0,5,4,13,16,20,37,3,1,3,2,3,25,8,5
0,0,69,15,24,0,14,28,0,4,11,30,10,19,6,0,0,0,25,9,7,21,0,34,24,16,0,13,2,0,0,13,11,0,4,14,0,11,9,20,4,6,10,0,0,2,23,9,43,22,0,6,12,18,8,22,0,0,16,0,19,2,5,18,12,9,26,17,0,5,0,0,0,0,13,12,18,29,0,0,0,0,0,0,3
0,0,0,26,19,12,9,27,0,0,24,4,19,0,24,0,0,0,21,3,0,20,4,56,0,14,5,0,19,4,9,8,0,0,3,17,0,0,14,18,4,8,10,0,0,0,2,16,0,0,2,0,25,0,14,15,5,0,15,15,12,0,10,14,8,4,1,15,0,0,4,0,0,0,0,21,53,7,0,0,0,0,0,0,6
0,0,10,36,25,5,6,34,0,0,17,0,14,4,15,0,0,0,0,9,0,19,0,10,3,0,15,0,21,0,18,0,0,5,2,13,0,0,22,0,6,0,10,0,0,0,0,15,0,5,0,0,24,0,20,0,19,0,4,15,0,22,0,17,0,0,0,0,31,0,5,0,0,0,0,0,9,5,0,0,0,0,0,0,0
0,0,58,33,29,15,32,0,19,9,13,39,0,22,2,0,10,34,31,15,52,15,82,46,10,21,0,17,14,2,14,5,0,0,17,0,17,5,9,19,7,28,22,16,8,14,36,35,221,20,0,15,2,16,6,16,2,0,19,0,31,12,43,22,74,154,18,14,4,21,8,0,5,17,46,77,259,5,9,0,5,14,25,0,6
0,0,11,22,23,5,17,14,0,0,10,0,25,4,29,0,0,5,6,6,3,32,25,56,56,1,16,0,6,0,0,12,20,0,0,11,0,0,13,0,14,0,10,0,0,0,0,17,21,51,0,0,7,0,6,0,0,0,0,5,0,15,0,4,53,8,10,0,6,0,2,0,0,0,0,9,9,0,0,0,0,0,2,7,0
2,37,10,40,0,21,0,19,0,0,14,0,12,20,5,0,0,7,0,15,10,9,4,12,51,12,12,0,36,0,0,15,12,0,17,20,0,0,20,1,22,0,14,0,0,4,9,21,2,47,0,0,25,0,20,3,0,0,12,14,8,22,11,12,0,0,39,0,29,0,11,0,0,6,4,29,31,45,0,0,0,0,0,13,0
0,0,19,17,14,46,1,24,6,44,23,9,39,26,33,0,0,5,10,34,27,68,1,37,0,18,0,59,17,23,0,17,0,2,18,6,0,13,3,59,28,61,0,0,0,0,25,5,55,0,0,0,11,5,14,12,4,0,15,11,22,11,67,19,21,16,1,14,0,6,1,13,0,0,27,14,0,0,0,0,10,4,4,0,11
0,9,0,55,80,48,41,14,13,30,21,29,15,25,5,0,15,5,29,12,19,4,6,53,40,13,5,13,25,3,12,0,17,16,0,5,0,19,31,26,7,18,0,0,0,4,24,9,74,36,0,16,0,29,41,27,2,0,17,3,37,0,24,0,8,26,0,15,5,7,5,0,7,6,0,4,161,7,0,0,3,3,22,2,0
0,0,44,13,45,16,25,3,0,17,13,0,14,22,3,0,10,14,22,10,11,21,30,40,2,0,12,17,13,4,17,0,0,4,11,15,0,17,0,37,6,18,3,2,11,0,9,3,47,8,0,20,4,8,7,5,0,0,12,0,11,0,23,0,0,42,0,0,5,0,0,0,0,34,9,7,62,6,6,0,0,7,10,10,7
0,51,10,30,4,18,2,18,0,5,23,0,35,2,10,6,0,1,5,22,27,8,0,47,30,0,13,6,8,5,5,10,0,0,3,14,3,0,19,1,11,0,12,0,0,0,0,18,21,54,0,0,18,0,21,0,12,4,0,15,7,16,13,0,0,6,0,0,18,0,4,0,0,7,0,9,5,0,0,0,0,1,12,0,3
0,0,65,15,19,7,25,8,10,0,7,15,13,27,7,0,0,8,57,29,0,4,3,19,0,23,0,0,16,4,14,0,2,0,15,3,0,13,17,34,6,27,11,0,0,3,20,25,19,0,0,14,0,11,15,15,0,0,17,6,27,0,42,0,0,16,0,25,0,1,0,0,0,0,0,23,56,0,0,0,0,0,0,0,0
0,0,2,14,34,9,16,10,7,26,21,30,29,47,10,9,5,3,40,26,34,4,24,51,0,30,3,28,7,13,26,0,16,16,14,22,2,21,18,27,0,13,26,6,14,0,20,51,21,28,3,19,0,21,14,3,15,0,15,11,0,25,1,17,5,14,14,17,0,7,10,7,5,4,11,0,65,0,0,0,0,0,0,0,25
0,0,10,45,17,33,15,33,0,10,15,14,5,14,0,5,0,24,0,17,31,10,0,61,6,0,21,17,13,0,0,9,0,4,11,3,0,3,29,19,0,10,0,0,3,0,6,32,23,21,0,8,18,9,3,14,0,0,8,9,8,6,2,22,0,13,37,11,5,7,6,0,0,5,0,19,13,10,0,0,0,0,5,0,2
38,0,1,17,21,17,1,23,0,2,57,0,4,5,28,0,13,17,31,7,17,15,6,8,58,16,0,0,44,4,4,25,0,6,5,23,0,13,4,23,5,12,13,2,0,4,13,14,30,21,13,7,5,17,9,16,3,7,15,7,38,0,17,3,0,13,18,16,0,0,7,0,0,0,0,10,5,46,0,0,0,2,0,5,7
0,21,0,58,11,94,33,29,39,25,38,7,42,30,32,28,12,13,0,52,26,32,3,95,32,18,8,24,12,0,17,0,0,0,52,8,34,0,24,27,4,43,5,0,0,0,21,34,78,0,0,25,2,4,16,13,1,12,45,2,25,2,15,67,20,27,21,0,23,55,1,1,0,3,81,26,187,2,0,3,0,0,20,16,16
0,0,4,38,8,39,2,30,1,0,26,6,25,18,14,8,0,1,40,50,16,58,6,29,30,28,1,16,0,0,17,17,0,0,23,8,9,0,33,7,29,28,0,0,23,22,22,17,25,1,0,17,14,23,10,37,16,1,18,4,50,23,33,4,6,16,16,6,13,17,15,4,8,8,0,72,69,10,2,4,4,0,12,2,3
0,0,32,23,0,68,52,4,7,17,6,18,15,17,15,0,2,0,16,39,26,15,39,34,21,4,9,18,14,3,36,4,0,11,17,16,4,19,0,54,10,16,0,0,26,14,46,11,33,9,0,4,15,20,3,10,0,0,21,10,4,9,22,3,43,25,10,13,0,11,5,0,0,12,15,34,63,13,0,0,0,0,0,13,7
0,2,0,48,10,22,0,17,0,0,41,0,15,19,27,0,0,2,16,81,23,5,1,6,9,2,25,0,18,0,0,31,0,0,5,21,0,0,26,2,32,0,13,1,0,0,0,43,14,61,0,2,15,0,19,23,0,1,0,30,1,18,1,16,1,15,31,0,16,0,1,0,0,0,1,1,27,12,0,0,7,0,1,0,2
0,0,39,0,57,8,18,0,0,10,9,19,35,24,1,0,0,0,48,16,40,0,73,116,14,0,0,25,0,6,32,0,14,0,11,2,0,0,9,4,14,12,17,0,0,9,4,33,71,18,0,10,9,0,8,0,5,0,18,7,7,6,43,19,35,21,14,9,12,0,0,0,2,0,19,33,36,4,0,0,0,0,8,0,0
0,0,17,12,26,10,15,3,0,19,0,14,0,12,0,0,0,24,0,0,19,0,0,34,0,9,9,19,0,0,18,18,0,0,0,0,0,18,3,27,0,0,0,0,0,0,12,8,68,12,0,0,0,15,0,19,0,0,0,0,19,0,20,0,0,63,15,0,0,0,0,0,0,0,0,21,56,0,0,0,0,0,6,0,3
0,29,0,26,43,14,4,23,0,8,21,5,22,0,23,0,6,3,9,4,16,5,29,21,7,17,0,1,0,0,0,60,3,0,25,0,8,4,18,5,26,5,7,0,0,0,10,21,7,28,0,0,18,0,0,0,0,18,13,0,18,17,32,2,13,3,32,14,0,2,0,0,14,6,10,11,24,0,0,0,0,11,8,0,4
0,29,0,13,24,62,3,11,3,14,7,19,24,2,9,1,46,24,8,28,1,11,8,55,17,0,17,3,38,16,0,29,3,18,1,23,2,0,7,38,8,20,0,0,7,0,15,67,72,41,0,4,3,34,9,22,2,58,11,26,44,4,26,1,35,38,27,52,2,3,0,0,0,30,24,53,78,2,0,0,0,38,88,2,7
0,0,13,21,0,45,0,5,0,29,1,0,19,0,15,5,0,3,0,32,11,8,14,84,7,0,17,0,17,0,0,19,0,5,14,0,0,15,0,21,17,12,11,0,0,0,0,17,53,49,0,0,16,13,0,8,6,0,12,13,0,8,4,13,4,0,0,0,19,0,2,0,0,6,16,6,22,36,17,0,0,22,30,3,0
0,0,0,43,5,28,5,10,9,0,13,0,25,0,21,0,0,2,20,16,0,16,0,0,20,6,8,0,12,6,6,0,0,0,35,4,2,15,5,11,5,0,7,0,0,0,13,11,20,18,0,22,0,6,11,0,26,0,21,3,6,27,6,16,0,3,24,0,18,0,5,2,3,0,0,28,44,29,0,2,0,0,6,0,7
0,0,0,23,0,10,6,13,14,0,7,0,13,0,27,0,0,0,0,12,14,38,0,15,1,0,6,0,0,0,0,9,0,0,0,0,6,0,0,0,18,0,9,0,0,0,3,35,16,8,0,0,12,0,9,0,0,0,0,9,12,0,4,0,3,0,32,0,12,0,13,0,0,0,0,39,29,3,0,0,0,0,3,0,0
0,0,20,13,22,9,33,10,0,12,0,18,6,27,0,10,4,5,14,0,28,15,7,17,3,27,4,21,6,8,15,14,0,5,20,0,5,9,3,23,9,20,0,7,0,0,6,6,12,0,0,0,0,0,4,0,0,0,0,0,0,0,0,0,0,0,0,0,0,0,0,0,0,0,0,0,0,0,0,0,0,0,0,0,0
0,0,58,6,24,13,31,0,6,10,21,16,31,27,0,0,2,0,5,27,32,8,0,35,62,3,29,0,34,11,22,7,0,8,8,27,0,18,29,33,25,0,35,4,0,16,29,59,65,14,0,1,14,0,16,8,24,0,38,21,35,22,34,20,7,38,17,0,32,8,3,0,0,5,0,23,58,25,0,0,0,0,7,0,8
0,16,34,22,0,43,18,19,6,9,11,6,11,25,0,2,0,0,23,10,0,37,0,0,11,0,6,6,8,3,4,22,0,0,17,4,0,0,14,9,16,5,13,0,0,2,35,12,0,0,0,0,21,0,15,15,0,4,0,15,19,0,11,0,0,0,0,0,16,0,3,0,0,2,0,24,47,7,0,0,0,0,6,0,6
0,0,0,41,6,35,24,0,14,4,21,0,24,12,5,0,1,0,0,8,31,10,0,57,40,18,0,0,9,11,0,17,2,6,10,3,18,0,19,14,25,0,5,0,0,0,13,21,25,59,0,0,13,12,0,5,0,0,6,0,15,24,16,0,0,17,86,0,7,8,0,0,0,8,11,26,31,23,0,0,0,2,0,0,1
0,11,24,8,69,0,25,18,0,36,6,12,19,31,11,0,0,2,27,35,0,7,30,49,4,27,16,9,7,14,0,30,0,19,0,5,0,23,0,25,4,23,0,0,0,0,15,11,3,61,26,0,0,11,5,23,0,0,14,0,15,0,20,28,0,19,5,29,0,6,0,2,0,0,3,29,11,38,0,2,0,0,11,0,0
0,0,0,36,18,36,68,45,3,0,19,42,37,14,29,0,0,0,25,16,23,32,2,60,6,10,33,7,48,3,0,21,7,4,3,22,2,27,10,12,19,44,2,4,2,0,18,23,71,64,13,4,18,8,36,0,24,0,17,10,13,25,5,21,0,27,10,0,15,0,7,0,0,0,2,26,43,50,17,2,0,0,0,41,0
0,0,0,21,10,0,0,0,0,0,51,13,0,24,18,0,0,0,0,0,0,0,45,0,0,0,24,0,0,0,14,0,0,0,0,0,0,0,0,0,0,0,0,0,0,20,0,0,2,41,0,0,8,0,0,10,15,0,2,27,10,34,9,19,5,15,9,30,0,0,0,0,0,0,16,32,18,6,0,0,0,0,0,0,0
0,0,0,40,18,14,20,13,0,23,6,13,13,9,3,0,0,10,12,6,11,11,0,0,13,15,0,23,35,0,6,8,12,7,16,10,0,15,5,32,4,14,5,0,2,0,11,17,34,26,0,12,0,13,5,23,7,3,9,2,17,3,33,0,0,2,0,9,7,2,2,0,1,2,1,12,15,0,0,0,0,3,15,7,0
0,0,25,24,19,23,17,17,0,16,27,30,3,37,13,0,2,5,21,4,17,6,1,30,20,2,19,17,19,1,20,15,10,0,12,6,0,6,23,24,10,33,3,1,0,0,16,8,18,28,18,0,3,17,10,20,10,0,23,7,17,23,26,7,9,12,29,17,13,1,3,2,1,1,0,17,17,13,0,4,2,6,13,2,1
39,0,0,3,34,14,9,17,6,0,33,7,36,0,42,0,0,2,0,27,0,21,77,23,2,8,8,0,14,0,0,25,0,10,5,40,0,0,20,12,20,0,5,0,11,0,7,18,0,0,0,4,25,7,32,0,0,0,0,13,11,17,21,0,0,0,0,24,0,2,0,0,0,0,6,14,21,0,2,0,0,1,14,20,2
0,0,0,87,53,12,20,10,0,4,55,12,24,24,11,1,0,15,8,16,0,23,0,0,22,25,0,16,24,3,8,11,5,5,0,19,0,0,24,11,15,0,18,0,29,0,0,19,0,0,0,0,10,0,16,9,0,0,0,19,0,13,13,8,2,9,0,0,21,3,0,0,3,0,0,46,46,0,1,0,0,0,14,18,1
0,0,4,42,17,7,7,0,0,8,0,12,0,21,3,10,0,27,0,5,37,17,0,55,53,10,4,14,7,4,14,0,8,0,11,0,2,32,0,40,18,32,4,14,6,34,24,37,130,20,1,17,0,14,4,0,9,13,18,13,28,5,19,9,8,27,2,49,13,9,5,6,0,7,3,35,59,7,15,0,7,14,32,9,13
0,0,33,32,25,19,14,15,2,27,6,11,7,0,22,0,22,8,34,1,11,9,42,56,0,13,14,0,33,0,36,0,0,0,12,15,0,32,10,24,11,34,9,2,8,24,16,35,34,54,0,30,0,16,9,9,21,2,38,2,12,13,5,21,0,24,42,0,2,0,7,2,0,11,9,29,5,65,9,0,0,2,10,2,4
0,49,0,9,52,6,36,0,0,8,36,18,5,13,23,3,0,1,11,4,21,27,25,15,1,2,14,0,13,0,9,2,0,0,15,7,0,32,8,43,10,8,0,0,0,5,23,6,65,15,6,11,0,10,11,19,0,0,0,5,30,6,21,12,0,21,3,10,0,0,0,0,0,0,0,30,18,0,0,0,0,2,28,2,1
0,0,0,64,1,34,0,65,30,0,21,0,21,0,18,0,0,2,0,26,0,30,0,18,20,4,25,0,20,5,0,19,0,0,0,33,0,0,24,2,18,27,4,0,0,0,7,36,0,0,0,0,18,15,11,0,23,0,0,8,0,20,6,15,0,0,24,0,11,0,10,0,0,0,0,5,17,9,0,0,0,0,2,0,0
0,0,11,19,2,37,8,6,7,13,6,0,25,3,9,10,0,5,16,27,0,11,0,0,0,0,21,0,10,5,22,8,0,0,21,1,4,43,0,10,13,24,0,0,0,0,15,8,8,33,0,0,12,0,23,7,9,0,6,7,4,23,42,11,0,11,45,0,9,0,0,0,0,5,13,27,9,25,0,0,0,0,6,14,1
0,0,0,31,0,47,0,21,0,10,29,22,0,22,42,0,0,13,0,14,14,54,11,20,0,17,0,11,7,10,0,0,0,6,18,5,14,0,7,17,3,37,0,0,0,6,8,51,19,0,0,12,0,6,15,21,0,0,16,0,18,12,26,15,4,0,0,5,9,6,0,0,2,23,0,4,33,0,0,0,0,0,51,45,0
0,0,49,0,15,32,10,27,0,0,18,4,18,0,23,4,0,4,7,18,0,25,0,0,14,0,23,0,25,3,0,9,0,8,11,3,0,0,14,8,11,0,0,0,0,2,17,0,44,3,0,0,11,9,3,21,10,0,0,14,0,14,14,7,0,19,2,0,14,0,2,0,0,8,0,6,28,0,0,0,0,1,10,0,0
0,0,0,33,19,19,0,28,11,0,44,11,28,4,46,0,0,7,26,16,9,34,17,25,57,0,12,0,12,9,0,16,4,0,0,14,0,0,20,28,23,0,0,2,0,0,16,31,1,79,0,0,6,0,18,3,17,5,2,19,6,6,4,13,13,0,41,26,0,0,0,0,0,0,0,18,0,67,0,0,0,4,0,18,2
0,0,0,16,11,0,4,6,0,0,14,0,35,21,15,0,0,0,0,2,14,7,4,26,19,0,18,0,15,0,0,10,0,2,3,8,0,0,9,0,18,7,7,0,0,1,10,16,21,16,0,0,6,0,3,0,14,0,0,6,0,11,7,12,4,5,10,0,5,0,2,0,0,2,0,7,15,1,0,0,0,0,0,15,5
0,0,29,40,41,6,22,37,16,11,12,2,34,0,48,3,0,9,29,11,28,24,65,4,40,0,28,0,23,0,0,15,0,0,0,35,4,12,32,27,10,8,15,0,0,8,3,16,29,5,0,0,26,0,19,6,27,0,7,13,13,12,8,22,18,6,1,0,16,0,2,0,0,6,27,21,29,3,0,0,14,8,4,4,0
0,12,34,18,0,24,34,47,0,17,3,17,6,12,6,4,7,2,17,13,0,9,31,27,0,15,0,8,3,12,7,6,1,0,5,13,6,0,12,16,0,10,22,0,0,0,10,22,6,20,0,0,12,7,0,0,0,5,8,14,6,2,14,2,4,28,9,0,4,0,0,0,0,6,7,22,27,26,0,8,0,2,0,2,0
0,9,103,11,18,8,34,5,0,19,11,10,0,20,15,0,9,0,2,16,14,10,3,9,47,21,6,18,16,0,21,6,0,5,17,8,0,30,0,22,8,5,20,3,0,0,20,69,0,2,0,17,0,3,28,0,23,0,17,8,22,2,3,21,4,27,9,6,27,0,0,0,0,0,0,0,61,1,0,0,0,0,0,4,0
0,0,0,0,0,0,0,2,0,0,0,0,0,0,36,2,5,7,34,53,0,27,34,78,31,0,14,0,33,4,0,20,0,0,0,23,0,6,15,0,10,0,10,0,0,0,0,19,29,2,0,0,11,0,17,9,17,0,0,10,0,9,6,9,0,15,2,0,10,0,1,0,0,0,0,11,19,16,0,0,0,0,5,0,14
0,102,0,8,42,4,18,4,0,0,18,0,24,6,23,0,0,0,12,22,16,9,10,59,101,9,0,12,12,0,0,22,0,0,16,0,0,0,44,12,7,13,1,0,0,0,6,47,108,48,0,0,17,7,10,10,0,0,0,15,0,10,17,9,0,13,90,0,12,18,1,0,0,0,0,0,0,27,0,0,0,0,0,0,0
0,0,0,0,5,106,141,33,20,11,53,21,10,31,12,0,2,47,25,33,3,45,4,6,7,2,34,15,0,16,0,15,4,13,16,0,0,0,25,4,32,1,30,0,0,2,4,25,21,16,0,0,14,17,25,13,0,1,0,33,71,16,32,0,8,4,7,0,14,0,13,0,0,0,0,55,3,0,0,0,0,0,0,0,0
0,6,0,17,27,16,16,5,0,0,8,25,0,25,5,0,0,5,18,0,18,6,0,33,65,25,0,23,4,0,16,0,5,4,14,6,0,21,0,39,0,24,0,0,0,3,22,6,56,44,0,16,0,14,0,22,3,0,16,3,16,0,22,0,0,42,32,15,0,10,0,0,0,6,34,23,0,0,0,5,121,39,26,0,9
0,0,27,20,26,22,0,15,0,0,13,2,25,6,21,0,2,0,0,41,28,16,5,20,54,0,25,0,16,0,5,11,0,7,0,7,0,6,5,0,18,0,11,0,2,0,0,17,35,22,0,0,13,0,13,5,5,14,0,13,1,14,7,9,0,25,10,0,17,0,13,0,0,1,12,15,15,17,0,0,0,9,0,15,27
0,0,0,20,0,0,19,15,0,15,4,20,7,6,0,0,0,9,0,20,0,18,0,3,21,0,13,0,0,0,0,0,0,0,0,4,0,0,31,7,12,0,9,0,0,0,0,0,0,20,1,0,16,0,26,2,11,0,0,10,0,11,1,7,0,0,45,5,3,0,3,0,0,0,3,11,7,13,0,0,0,0,11,0,0
3,0,38,12,26,21,23,9,19,19,21,15,42,34,18,0,7,11,24,47,16,15,23,88,25,22,3,17,28,0,21,10,2,8,26,8,6,25,7,35,13,26,8,0,8,27,27,28,155,2,0,17,6,13,13,25,4,0,21,7,18,36,23,0,26,48,38,38,6,5,16,4,7,8,18,56,54,42,0,0,1,0,23,0,17
0,0,5,17,7,16,33,27,9,15,0,19,29,22,0,10,3,8,41,14,46,26,20,22,10,24,0,0,26,14,10,34,0,1,7,18,4,9,13,36,10,40,0,15,2,43,0,32,5,0,0,17,0,29,4,7,10,0,0,22,14,16,11,5,1,17,9,22,5,0,20,5,0,7,16,8,0,29,9,45,17,5,23,14,3
5,15,6,20,14,20,9,5,15,19,11,18,4,5,22,0,4,15,13,9,18,12,0,41,8,3,0,12,18,25,12,5,4,0,0,16,18,3,7,32,5,12,1,5,0,8,12,6,31,27,1,0,2,10,0,15,20,2,12,3,11,0,15,1,7,16,33,19,0,0,0,8,3,4,11,5,18,13,17,0,0,2,26,3,29
0,0,0,0,0,0,0,0,0,0,0,0,0,0,0,0,0,0,0,8,0,0,28,9,20,0,0,0,0,0,0,0,0,0,0,0,0,0,2,18,0,0,0,0,0,3,0,0,0,0,0,0,0,0,0,0,0,0,0,0,0,0,12,3,2,0,0,0,0,0,0,0,0,0,0,2,0,0,0,0,0,0,2,0,0
0,0,62,31,17,4,0,11,5,0,13,14,0,13,28,0,0,0,12,9,21,0,15,41,26,3,8,15,34,9,1,0,5,0,9,4,0,7,10,12,35,10,0,0,26,3,45,11,13,33,0,9,16,5,8,29,0,19,1,19,25,1,2,0,0,27,9,0,17,5,0,0,0,0,30,7,17,36,0,0,0,0,2,0,0
0,0,23,21,13,38,0,5,0,7,7,11,28,0,0,13,0,3,17,21,0,8,4,0,14,20,9,6,0,4,12,0,0,1,0,3,0,28,4,11,28,13,5,0,0,0,6,0,0,0,0,6,6,0,10,7,8,0,11,0,9,5,16,4,20,23,47,19,0,2,0,0,0,17,13,31,46,37,2,0,0,0,7,0,13
0,0,0,0,0,25,18,18,0,0,13,10,32,0,23,0,0,2,0,18,29,0,13,34,60,0,31,13,19,13,0,19,0,0,4,0,0,0,18,3,21,0,14,0,0,2,22,18,18,38,0,0,0,14,7,0,18,0,0,22,0,21,0,15,27,49,19,21,0,0,5,0,0,67,21,13,0,0,0,0,0,0,10,0,0
0,0,0,23,0,43,12,11,3,20,9,17,13,22,3,15,0,0,26,7,15,17,33,6,6,11,7,17,30,0,0,23,0,0,0,23,0,17,4,9,26,0,19,0,0,0,21,20,13,86,0,17,0,0,28,0,20,0,0,17,0,17,0,13,6,51,21,0,21,0,0,0,0,0,11,17,60,8,0,0,0,0,4,0,0
0,0,17,6,18,7,24,2,35,0,7,26,35,24,4,27,6,14,33,42,18,6,25,86,10,28,2,27,2,22,18,4,62,4,25,7,0,33,24,53,10,32,1,52,99,0,42,44,185,0,29,36,2,52,25,42,2,43,27,27,45,15,30,2,20,100,0,60,15,19,10,8,2,5,33,44,132,0,0,2,4,7,42,1,0
0,0,0,45,24,22,8,18,0,20,9,4,11,0,39,1,0,0,35,2,79,9,0,24,0,59,16,0,31,7,0,46,0,0,0,39,0,6,25,8,31,40,0,0,0,0,0,83,27,0,0,10,13,10,48,17,0,8,0,25,21,0,0,2,0,0,17,19,16,0,4,0,7,2,0,13,3,32,0,0,0,0,0,0,0
0,0,22,13,15,0,0,8,0,4,48,2,40,37,24,4,0,8,26,18,9,33,33,3,15,0,30,5,52,9,0,29,4,6,5,22,0,0,29,33,40,7,40,7,21,40,7,41,33,14,0,0,34,1,27,0,17,0,7,46,36,60,7,19,12,8,9,6,32,4,7,4,0,4,10,27,40,19,1,0,0,0,2,0,0
0,17,0,39,8,44,25,30,11,0,33,2,33,1,19,5,0,3,5,38,5,17,9,30,16,3,16,1,18,4,0,59,0,0,5,22,0,0,13,6,12,5,9,0,0,0,0,22,21,0,0,3,12,0,17,0,24,0,5,13,0,19,6,13,5,6,0,0,17,0,2,0,13,0,0,10,0,1,0,0,0,2,0,8,2
0,0,28,13,8,14,14,4,3,9,4,14,5,10,15,0,2,34,0,0,23,29,2,12,4,0,12,17,11,3,0,14,0,4,2,18,0,6,13,22,6,9,6,3,0,6,13,0,2,3,0,16,0,0,14,14,6,19,0,0,20,2,17,0,0,0,0,23,0,0,0,0,0,0,0,9,5,22,0,0,0,0,0,0,0
0,0,27,23,32,0,24,3,0,15,3,19,21,18,8,0,0,0,19,28,5,10,10,93,37,17,4,24,3,6,0,0,0,10,2,2,0,15,7,23,0,13,0,0,0,8,18,3,52,34,0,14,11,20,4,26,0,0,12,4,27,2,32,6,15,25,28,17,0,9,0,0,0,0,0,18,44,0,0,0,0,0,17,0,0
0,20,62,18,19,15,17,4,0,7,12,14,11,31,14,1,0,13,21,15,18,0,26,58,7,1,9,4,6,8,15,9,2,1,5,22,0,14,10,32,8,0,11,0,0,8,0,36,28,14,0,12,6,17,4,24,10,0,15,7,5,17,10,14,0,35,6,16,0,16,0,0,6,0,0,19,22,13,0,0,0,6,0,0,5
0,0,0,43,36,13,5,22,0,0,22,3,27,5,27,0,0,0,17,6,0,26,20,24,30,12,15,33,4,5,5,13,0,5,6,9,0,16,7,20,5,11,0,0,0,0,7,4,31,0,0,0,11,0,27,16,12,0,0,13,16,0,2,13,1,5,17,3,20,1,0,0,0,0,0,6,9,1,0,0,0,1,0,0,0
5,0,45,13,7,24,14,13,0,7,10,0,25,21,9,0,4,3,9,14,25,8,8,26,39,16,3,23,0,5,10,16,0,0,22,9,0,31,4,38,21,21,4,3,0,21,9,10,53,25,0,44,5,14,17,13,0,0,22,10,21,5,23,15,2,43,8,0,34,5,3,7,6,12,13,11,68,4,0,1,1,13,41,2,4
0,0,1,82,5,24,35,7,0,0,28,26,14,7,0,0,0,13,43,22,34,14,67,114,43,16,26,1,53,6,0,21,0,0,5,3,25,13,18,45,25,6,6,21,2,9,36,44,104,65,0,0,5,0,5,9,0,0,5,64,15,3,32,1,18,79,43,0,6,0,0,0,0,0,10,45,117,30,0,0,0,0,40,0,7
0,0,34,51,56,11,0,37,0,15,22,0,28,1,22,0,0,3,0,19,2,11,0,40,76,16,0,11,34,5,13,15,0,6,0,13,0,0,15,0,20,0,13,3,0,0,0,38,4,63,0,13,7,11,16,12,6,0,13,5,10,5,19,3,0,15,16,0,18,6,4,0,0,2,9,41,19,1,3,0,0,7,0,0,0
0,0,53,9,32,12,15,5,1,23,10,26,6,10,7,0,0,26,5,6,10,12,27,78,39,7,21,4,29,14,4,0,0,0,11,6,0,6,5,29,10,26,0,0,0,3,36,14,48,29,5,0,15,4,19,20,4,0,12,5,2,17,16,6,0,22,30,2,10,13,3,0,0,2,27,16,20,9,0,0,0,0,0,0,2
0,0,0,0,106,9,26,14,12,10,3,16,6,102,8,0,120,46,63,20,74,17,34,102,14,23,4,12,7,25,60,0,0,13,14,5,13,0,11,81,21,27,16,1,22,2,7,90,39,0,0,17,6,11,11,23,12,0,14,0,10,19,35,8,7,9,9,11,31,11,6,0,2,29,5,22,37,8,0,0,0,1,14,0,4
12,13,0,12,52,6,27,33,5,23,8,11,7,31,11,12,0,15,33,27,5,20,48,124,10,22,8,14,3,12,10,0,0,0,22,4,0,39,4,70,10,12,0,2,0,10,25,46,88,6,0,23,0,33,8,56,0,19,36,4,47,6,52,16,42,51,3,28,0,8,13,2,0,2,22,34,95,15,0,0,0,0,36,3,0
0,0,45,4,0,21,23,8,0,2,16,5,20,5,40,0,0,5,0,21,7,19,0,29,37,2,28,0,19,8,0,0,0,8,2,26,0,7,25,22,20,0,14,0,0,0,0,14,25,31,0,24,2,15,7,4,15,0,22,3,16,12,18,0,0,11,43,0,12,0,4,0,0,0,0,13,17,8,0,0,0,3,12,0,2
0,0,0,0,0,0,0,0,0,0,0,0,0,0,75,0,4,12,41,73,57,8,34,0,2,22,2,23,0,0,15,3,0,0,22,37,10,0,10,18,0,41,0,0,0,6,22,0,130,0,0,0,0,0,0,47,0,0,0,0,0,0,0,0,0,0,0,0,0,0,0,0,0,0,0,0,0,0,0,0,0,0,0,0,0
0,0,61,36,43,36,6,50,0,7,23,9,34,3,48,0,4,9,95,7,6,21,28,45,97,13,20,12,82,22,0,24,0,0,5,26,0,25,15,40,38,16,8,6,17,0,0,36,111,47,0,6,76,6,62,26,8,0,9,15,17,14,4,11,0,29,44,8,35,0,14,0,0,3,0,25,92,5,0,4,0,0,3,3,12
0,0,26,11,0,48,38,9,0,9,26,42,11,25,15,0,0,0,13,35,22,12,5,40,15,31,1,0,27,0,24,4,0,0,0,25,0,0,22,26,7,4,21,0,0,0,0,25,9,14,18,0,0,0,19,19,0,0,0,19,0,20,2,28,0,9,0,0,18,4,0,0,15,0,0,0,6,9,0,0,0,0,0,0,0
0,0,0,38,0,20,23,11,0,16,0,23,18,0,4,0,0,4,15,7,11,12,14,5,26,15,3,17,40,10,0,53,10,18,9,12,0,15,7,23,11,19,4,0,0,0,14,13,33,16,0,5,14,15,13,5,4,4,6,11,24,3,19,3,2,28,15,5,8,5,8,0,0,7,16,26,22,12,3,1,0,0,0,1,0
0,0,7,55,32,17,58,28,0,10,15,0,42,4,32,0,9,16,13,25,31,15,14,36,43,0,26,3,28,4,6,26,0,0,24,22,0,24,43,21,16,0,30,3,4,2,19,4,47,49,0,0,36,0,30,2,36,0,21,2,0,40,7,28,58,40,7,0,15,2,10,0,3,7,0,94,22,12,0,8,0,17,9,28,0
0,0,0,0,0,0,16,0,0,7,0,0,9,34,31,0,12,0,8,16,9,28,0,15,16,22,0,14,20,25,15,16,1,0,35,0,14,11,8,23,0,15,10,0,7,0,4,6,8,10,0,5,1,0,11,20,0,0,23,0,0,26,6,29,18,24,12,7,12,7,0,0,11,19,0,27,34,5,0,8,0,0,2,0,0
0,0,16,3,0,10,24,7,0,5,0,0,33,0,23,0,0,0,0,0,0,9,0,5,0,0,19,0,16,0,0,11,0,0,0,9,0,0,13,0,0,0,6,0,0,0,0,0,0,3,0,0,0,0,0,0,0,0,0,0,0,0,0,0,0,0,0,0,0,0,0,0,0,0,0,0,0,0,0,0,0,0,0,0,0
0,0,36,27,24,11,14,9,0,19,5,17,0,28,7,0,0,7,26,0,16,4,0,53,0,24,0,17,12,16,0,14,0,0,16,4,0,29,0,20,4,17,0,0,0,4,25,5,5,3,0,23,0,17,0,14,0,23,0,0,20,0,25,0,31,0,0,23,0,4,0,0,5,2,0,72,8,0,0,0,0,0,0,0,0
0,0,40,8,21,55,0,48,0,19,1,17,20,25,19,0,0,2,4,25,0,20,0,14,28,0,15,0,40,5,0,16,0,0,8,14,0,0,15,6,21,4,16,0,0,0,11,10,33,75,0,0,17,22,13,11,26,0,6,10,10,10,21,0,2,31,10,16,0,0,8,6,6,10,38,13,19,0,0,0,0,2,9,2,0
0,0,41,24,19,22,6,43,0,0,31,4,7,20,11,0,0,4,8,12,18,20,0,7,1,23,0,10,13,5,9,17,0,16,0,0,6,9,5,25,0,27,1,0,0,5,12,8,74,0,0,8,7,14,9,27,19,0,0,0,13,24,15,4,13,10,22,13,0,4,5,0,0,0,11,10,23,0,0,0,0,7,6,0,10
0,0,18,8,18,5,14,7,0,6,8,10,8,10,15,0,0,0,22,3,6,9,14,34,11,10,6,13,24,8,2,2,0,6,7,7,0,14,0,30,4,11,0,1,0,1,10,4,14,52,3,13,3,10,4,17,1,0,17,1,16,2,31,0,0,0,19,6,0,4,0,0,0,1,0,11,13,31,0,0,0,5,2,13,1
0,0,18,14,7,49,17,0,0,15,22,16,18,6,10,0,0,6,0,34,18,26,11,5,0,20,0,14,0,0,13,6,0,3,0,18,0,0,29,24,10,3,17,0,0,0,0,28,11,0,0,0,28,16,4,27,0,0,0,19,0,17,0,15,0,7,4,0,15,0,8,0,0,6,3,14,7,0,0,0,0,0,5,0,0
0,0,66,11,12,7,9,7,0,12,5,8,5,13,5,0,0,2,18,0,8,2,14,0,0,0,13,5,10,4,0,6,0,0,5,3,0,0,19,25,2,6,0,0,0,0,24,24,0,0,0,0,15,0,12,0,13,0,7,25,0,26,2,4,0,0,0,0,16,0,4,0,0,0,0,0,6,0,0,0,0,0,2,0,0
0,0,50,43,26,27,10,18,0,9,0,18,5,29,2,7,0,17,2,0,41,41,0,0,3,20,0,15,48,0,0,16,0,12,17,0,27,0,0,6,26,0,28,9,0,3,17,18,13,0,3,7,11,0,23,15,0,0,2,18,20,0,7,33,5,3,7,17,0,2,3,0,0,6,0,29,43,0,0,6,3,0,14,2,2
0,38,26,32,41,6,22,6,4,21,7,6,23,20,13,4,0,12,25,14,1,25,17,36,7,15,0,16,0,7,7,11,13,7,1,19,12,17,6,10,19,0,21,1,0,24,30,4,34,0,0,23,0,18,1,30,0,0,13,12,15,13,21,9,6,10,19,20,0,7,0,5,11,8,13,26,46,18,1,0,1,2,20,5,11
0,0,0,95,27,0,19,25,0,0,19,0,24,0,7,0,0,0,11,16,122,22,0,106,50,0,12,0,20,24,0,27,0,12,3,21,0,0,3,56,58,40,8,0,0,0,19,199,160,64,1,1,2,19,3,28,6,0,0,17,11,29,69,2,20,98,16,8,19,19,3,0,3,10,0,27,195,16,0,8,2,6,11,0,0
0,0,0,19,31,0,23,7,0,0,15,0,20,0,15,0,0,0,9,2,0,8,31,8,0,0,11,0,8,3,9,12,0,0,0,16,0,0,11,34,15,0,0,0,11,0,0,27,14,0,0,0,9,0,16,0,7,0,12,11,5,18,15,26,0,26,1,0,11,0,15,19,0,0,0,10,2,0,0,0,0,0,0,0,0
0,0,36,97,24,43,0,36,0,8,18,0,25,0,32,0,0,2,6,44,20,17,7,2,48,0,17,5,37,0,7,21,0,0,0,25,0,0,9,34,11,0,24,2,0,2,19,26,0,0,0,8,22,19,10,0,24,0,0,16,0,17,5,8,0,7,6,22,5,4,54,0,0,0,0,28,36,35,0,0,2,0,28,7,2
0,0,28,9,29,7,21,9,0,12,5,7,5,9,5,0,0,0,12,9,9,32,17,0,0,9,8,9,10,0,13,0,9,0,8,15,0,0,0,12,14,9,0,0,0,0,12,37,52,0,12,0,3,9,6,6,8,15,0,5,12,0,9,10,0,0,0,6,3,4,0,0,0,0,4,20,45,0,0,0,0,0,0,3,0
0,0,0,19,18,4,23,7,25,17,0,0,16,12,12,0,5,0,5,13,0,7,0,28,1,4,12,0,9,0,0,5,0,0,5,6,0,0,6,9,10,57,0,0,0,0,5,34,4,0,0,0,5,8,0,8,3,0,12,9,19,5,47,17,22,0,9,0,32,5,0,0,0,0,0,34,68,0,0,0,1,9,14,3,0
0,0,0,13,0,22,5,42,4,0,33,0,15,0,18,0,0,0,0,9,4,17,0,0,46,0,12,0,11,0,0,14,3,0,0,0,0,0,0,10,0,0,0,0,0,0,63,15,0,23,0,0,35,0,12,0,0,0,0,12,0,0,0,0,0,5,27,0,0,0,0,0,0,3,0,2,0,0,0,0,0,0,0,8,3
2,18,0,50,86,32,49,5,22,24,36,4,22,4,14,9,13,0,0,17,0,39,38,31,32,9,22,0,37,8,18,14,1,7,11,7,1,15,10,21,15,18,4,7,23,9,4,15,54,52,5,2,38,12,24,14,16,17,27,46,13,48,11,17,19,17,28,14,6,8,7,2,11,9,17,53,43,15,3,3,0,0,22,1,31
0,33,7,27,21,6,45,5,20,16,4,13,23,14,7,0,3,3,41,33,13,46,17,111,11,19,2,12,23,18,29,16,0,20,10,9,4,21,13,46,7,19,7,1,0,2,10,10,68,25,0,16,8,29,6,23,0,25,7,3,19,5,21,0,19,66,24,15,4,9,8,5,7,0,7,57,89,14,9,3,1,9,28,4,0
0,0,50,18,21,4,33,23,0,14,15,19,6,20,7,0,0,7,18,6,41,5,9,47,5,21,0,8,24,0,18,0,0,6,11,4,0,19,0,41,8,9,0,2,0,0,18,9,59,8,0,15,4,13,7,15,0,1,14,3,16,0,13,0,0,31,17,14,2,1,0,1,0,2,1,30,13,5,0,0,0,6,22,0,2
0,0,0,44,18,0,28,10,0,20,12,3,30,17,8,0,25,4,17,7,14,0,101,44,0,0,9,19,43,7,17,0,0,0,3,11,15,0,0,22,10,19,0,0,2,0,15,14,105,1,0,13,0,17,22,15,0,0,10,11,11,4,39,10,26,104,0,0,17,2,0,0,0,8,8,26,50,0,0,0,0,0,14,7,44
0,0,27,73,34,31,14,4,18,32,32,22,30,0,4,32,0,31,0,0,42,4,0,0,50,0,0,80,18,18,0,22,0,0,16,0,1,0,13,54,3,18,0,0,0,18,37,13,0,0,0,59,6,16,10,17,0,0,0,16,31,0,22,0,8,0,0,62,3,13,0,0,0,6,0,0,0,5,0,0,0,0,0,0,9
0,0,54,54,6,11,5,11,7,25,5,8,8,21,0,13,1,9,22,2,24,11,20,74,34,22,0,0,52,26,10,0,0,0,0,14,1,8,13,17,13,13,2,9,0,5,25,23,50,41,1,10,1,22,5,7,0,6,4,6,10,2,19,2,8,17,69,14,0,2,0,0,8,0,0,10,46,28,0,0,0,2,11,0,2
0,0,0,19,23,28,13,32,0,5,30,2,22,29,17,0,0,0,14,15,8,37,11,31,0,3,22,18,4,0,6,20,0,0,24,11,1,19,6,31,8,29,3,0,0,5,18,55,35,0,0,19,9,0,29,32,3,0,7,25,18,3,29,16,10,43,0,25,5,5,0,0,0,5,2,13,13,0,1,0,1,2,2,0,6
0,0,69,21,1,45,22,5,21,21,27,25,24,18,17,0,18,20,13,17,0,19,18,29,0,61,0,14,45,3,8,11,3,27,1,4,4,18,14,17,18,21,0,14,5,0,16,0,34,4,30,4,17,0,16,18,9,34,15,0,2,26,20,4,6,22,3,0,10,11,1,15,3,5,4,24,47,2,0,0,3,3,11,22,6
0,0,0,0,2,31,35,0,5,0,21,21,17,0,22,0,0,11,10,14,0,22,44,14,11,0,17,0,32,0,6,34,0,11,1,19,0,0,13,7,0,9,26,0,0,0,15,61,1,23,0,0,13,0,26,0,23,0,0,10,22,21,1,20,0,18,16,0,34,2,1,0,0,12,0,9,0,2,0,0,0,0,0,0,0
0,0,16,19,18,10,14,5,0,4,5,0,26,17,0,0,0,0,20,7,0,0,0,44,0,0,14,2,1,0,1,0,9,0,0,22,3,1,17,25,7,0,13,0,0,0,31,10,10,9,0,0,0,16,16,4,0,0,0,5,11,0,1,2,0,0,0,0,0,11,15,2,4,0,0,6,18,36,0,0,0,1,1,0,2
0,0,28,37,28,20,0,17,0,8,19,4,17,4,30,0,5,30,9,10,16,15,22,39,38,0,8,13,0,7,0,24,3,0,0,18,0,8,23,23,4,19,2,0,0,11,19,22,41,51,0,0,2,0,12,12,12,0,24,0,18,14,27,0,3,31,12,8,12,4,0,0,6,0,20,13,9,31,0,0,0,6,0,6,0
